ContentID,OriginalLocation,OriginalInformation,ImplementedLocation,Disposition,Evidence,Verification
PAGE-AboutMe,/AboutMe,Aliases: /AboutMe,Src/Portfolio_Core/Portfolio/Pages/AboutMe.cshtml; original section/anchor,Route/template/behavior retained; page additions mapped separately,R01/R08; docs/2026/10/08-owner-decisions.md,Source/anchor/reference comparison; final HTTP verification recorded separately
PAGE-AboutMe-VALUE-001,/AboutMe; line 4,About Me,Src/Portfolio_Core/Portfolio/Pages/AboutMe.cshtml; original section/anchor,Retained in original page,R01/R08; docs/2026/10/08-owner-decisions.md,Source/anchor/reference comparison; final HTTP verification recorded separately
PAGE-AboutMe-TEXT-001,/AboutMe; About Me; line 12,About Me,Src/Portfolio_Core/Portfolio/Pages/AboutMe.cshtml; original section/anchor,Retained in original page,R01/R08; docs/2026/10/08-owner-decisions.md,Source/anchor/reference comparison; final HTTP verification recorded separately
PAGE-AboutMe-TEXT-002,/AboutMe; About Me; line 13,"I am a software engineering leader and architect focused on building scalable systems, developing strong engineering teams, and aligning technology solutions with real-world business needs.",Src/Portfolio_Core/Portfolio/Pages/AboutMe.cshtml; original section/anchor,Retained in original page,R01/R08; docs/2026/10/08-owner-decisions.md,Source/anchor/reference comparison; final HTTP verification recorded separately
PAGE-AboutMe-TEXT-003,/AboutMe; About Me; line 17,"I served as an Engineering Manager within the Seminaries and Institutes Education portfolio for The Church of Jesus Christ of Latter-day Saints from 2021 to 2026, where I led engineering teams responsible for applications supporting global religious education programs. My work centered on technical leadership, team development, and delivering reliable platforms that support educators and students worldwide.",Src/Portfolio_Core/Portfolio/Pages/AboutMe.cshtml; original section/anchor,Owner-confirmed revision; original retained in fixed baseline,R01/R08; docs/2026/10/08-owner-decisions.md,Source/anchor/reference comparison; final HTTP verification recorded separately
PAGE-AboutMe-TEXT-004,/AboutMe; About Me; line 22,"I currently serve as a Software Engineering Architect in the Pathway Education portfolio , helping guide system architecture and technical direction for platforms that expand access to education globally. My focus is designing scalable architectures, enabling engineering teams, and ensuring systems are resilient, maintainable, and aligned with organizational goals.",Src/Portfolio_Core/Portfolio/Pages/AboutMe.cshtml; original section/anchor,Owner-confirmed revision; original retained in fixed baseline,R01/R08; docs/2026/10/08-owner-decisions.md,Source/anchor/reference comparison; final HTTP verification recorded separately
PAGE-AboutMe-TEXT-005,/AboutMe; About Me; line 27,"Earlier in my career, I worked at Academy Mortgage Corporation in Draper, Utah , where I served in several roles including Senior Software Engineer and IT Manager across Enterprise Development, DevOps, and Quality Assurance. In these positions I led engineering teams, managed budgets, hired and mentored engineers, and conducted performance management and professional development. I also served briefly as a Scrum Master, helping train teams in agile methodologies while continuing to contribute as a developer.",Src/Portfolio_Core/Portfolio/Pages/AboutMe.cshtml; original section/anchor,Retained in original page,R01/R08; docs/2026/10/08-owner-decisions.md,Source/anchor/reference comparison; final HTTP verification recorded separately
PAGE-AboutMe-TEXT-006,/AboutMe; About Me; line 33,"My technical experience includes building large-scale web applications, RESTful APIs, and enterprise services . I have led the development of multiple web applications from concept to production, refactored SaaS platforms into scalable N-Tier architectures , and contributed to the release of enterprise services including SOA layers and notification systems. I have also helped enable the development and release of mobile applications for iOS and Android.",Src/Portfolio_Core/Portfolio/Pages/AboutMe.cshtml; original section/anchor,Retained in original page,R01/R08; docs/2026/10/08-owner-decisions.md,Source/anchor/reference comparison; final HTTP verification recorded separately
PAGE-AboutMe-TEXT-007,/AboutMe; About Me; line 39,"Again, welcome to my ePortfolio. I have an entrepreneurial spirit and believe that free enterprise is a cornerstone of an industrious society and one of the greatest contributors to prosperity worldwide. I encourage anyone with even the slightest idea to explore building a business, even as a side venture. If you are interested, feel free to visit my developing business, A-Game Empowerment , which has provided meaningful experience well beyond software engineering and broadened my perspective on business ownership.",Src/Portfolio_Core/Portfolio/Pages/AboutMe.cshtml; original section/anchor,Retained in original page,R01/R08; docs/2026/10/08-owner-decisions.md,Source/anchor/reference comparison; final HTTP verification recorded separately
PAGE-AboutMe-TEXT-008,/AboutMe; About Me; line 46,"Exposure to marketing, product development, and business strategy has strengthened my ability to view software not as an isolated discipline, but as part of a broader system of sales, marketing, and business growth . This perspective helps me design solutions that solve real problems and deliver meaningful impact.",Src/Portfolio_Core/Portfolio/Pages/AboutMe.cshtml; original section/anchor,Retained in original page,R01/R08; docs/2026/10/08-owner-decisions.md,Source/anchor/reference comparison; final HTTP verification recorded separately
PAGE-AboutMe-REF-001,/AboutMe; line 9,"{""line"": 9, ""tag"": ""img"", ""attribute"": ""src"", ""target"": ""~/content/images/fbMichael_B_Carey.jpg"", ""attributes"": {""class"": ""img-fluid"", ""src"": ""~/content/images/fbMichael_B_Carey.jpg"", ""title"": ""Michael B. Carey"", ""alt"": ""Michael B. Carey""}}",Src/Portfolio_Core/Portfolio/Pages/AboutMe.cshtml; original section/anchor,Retained in original page,R01/R08; docs/2026/10/08-owner-decisions.md,Source/anchor/reference comparison; final HTTP verification recorded separately
PAGE-AboutMe-REF-002,/AboutMe; line 43,"{""line"": 43, ""tag"": ""a"", ""attribute"": ""href"", ""target"": ""https://www.AGameEmpowerment.com"", ""attributes"": {""class"": ""fw-bolder"", ""href"": ""https://www.AGameEmpowerment.com"", ""target"": ""_blank"", ""rel"": ""noopener""}}",Src/Portfolio_Core/Portfolio/Pages/AboutMe.cshtml; original section/anchor,Retained in original page,R01/R08; docs/2026/10/08-owner-decisions.md,Source/anchor/reference comparison; final HTTP verification recorded separately
PAGE-AboutMe-ELEMENT-003,/AboutMe; line 9,"{""tag"": ""img"", ""line"": 9, ""attributes"": {""class"": ""img-fluid"", ""src"": ""~/content/images/fbMichael_B_Carey.jpg"", ""title"": ""Michael B. Carey"", ""alt"": ""Michael B. Carey""}}",Src/Portfolio_Core/Portfolio/Pages/AboutMe.cshtml; original section/anchor,Route/template/behavior retained; page additions mapped separately,R01/R08; docs/2026/10/08-owner-decisions.md,Source/anchor/reference comparison; final HTTP verification recorded separately
PAGE-Experience-Education,/Experience/Education,Aliases: /Experience/Education,Src/Portfolio_Core/Portfolio/Pages/Experience/Education.cshtml; original section/anchor,Route/template/behavior retained; page additions mapped separately,R02; docs/2026/10/08-owner-decisions.md,Source/anchor/reference comparison; final HTTP verification recorded separately
PAGE-Experience-Education-VALUE-001,/Experience/Education; line 4,Education,Src/Portfolio_Core/Portfolio/Pages/Experience/Education.cshtml; original section/anchor,Retained in original page,R02; docs/2026/10/08-owner-decisions.md,Source/anchor/reference comparison; final HTTP verification recorded separately
PAGE-Experience-Education-TEXT-001,/Experience/Education; Introduction; line 7,"@ViewData[""Title""]",Src/Portfolio_Core/Portfolio/Pages/Experience/Education.cshtml; original section/anchor,Retained in original page,R02; docs/2026/10/08-owner-decisions.md,Source/anchor/reference comparison; final HTTP verification recorded separately
PAGE-Experience-Education-TEXT-002,/Experience/Education; Introduction; line 8,"@ViewData[""Message""]",Src/Portfolio_Core/Portfolio/Pages/Experience/Education.cshtml; original section/anchor,Retained in original page,R02; docs/2026/10/08-owner-decisions.md,Source/anchor/reference comparison; final HTTP verification recorded separately
PAGE-Experience-Education-TEXT-003,/Experience/Education; Early Self Directed Education - Prior to 2003; line 12,Early Self Directed Education - Prior to 2003,Src/Portfolio_Core/Portfolio/Pages/Experience/Education.cshtml; original section/anchor,Retained in original page,R02; docs/2026/10/08-owner-decisions.md,Source/anchor/reference comparison; final HTTP verification recorded separately
PAGE-Experience-Education-TEXT-004,/Experience/Education; Early Self Directed Education - Prior to 2003; line 13,Almost all of my experience in technology and software development has been self-taught. I have always been interested in technology from a young age and got my first taste of a computer with my Grandmother's Commodore 64. My father was a software developer and later purchased an IBM PC XT which was later upgraded to a 286 where I played around with GWBASIC and DOS. In junior high school I got my hands on a Pascal programming book and later an ANSI C book in high school where I taught myself the basics of programming. It has only grown from there.,Src/Portfolio_Core/Portfolio/Pages/Experience/Education.cshtml; original section/anchor,Retained in original page,R02; docs/2026/10/08-owner-decisions.md,Source/anchor/reference comparison; final HTTP verification recorded separately
PAGE-Experience-Education-TEXT-005,/Experience/Education; BYU-Idaho; line 22,BYU-Idaho,Src/Portfolio_Core/Portfolio/Pages/Experience/Education.cshtml; original section/anchor,Retained in original page,R02; docs/2026/10/08-owner-decisions.md,Source/anchor/reference comparison; final HTTP verification recorded separately
PAGE-Experience-Education-TEXT-006,/Experience/Education; 2003 - 2021; line 23,2003 - 2021,Src/Portfolio_Core/Portfolio/Pages/Experience/Education.cshtml; original section/anchor,Owner-confirmed revision; original retained in fixed baseline,R02; docs/2026/10/08-owner-decisions.md,Source/anchor/reference comparison; final HTTP verification recorded separately
PAGE-Experience-Education-TEXT-007,/Experience/Education; 2003 - 2021; line 24,"You may ask, ""Why such a span of time from starting college to today?"" The answer: ""I primarily went to college to have fun and gain an education on my own terms."" My ultimate reason for attending college was for a personal goal and not for the scholastic need for a degree. By the time I attended college I was well on my way to earning my own living without the education based degree, for myself, it was a personal goal that I would earn a bachelor’s degree. Not only do I believe in being honorable and truthful with others I work with, but I also believe that we need to honor and be truthful to ourselves first!",Src/Portfolio_Core/Portfolio/Pages/Experience/Education.cshtml; original section/anchor,Retained in original page,R02; docs/2026/10/08-owner-decisions.md,Source/anchor/reference comparison; final HTTP verification recorded separately
PAGE-Experience-Education-TEXT-008,/Experience/Education; Associate's Degree - General Studies - 2012; line 32,Associate's Degree - General Studies - 2012,Src/Portfolio_Core/Portfolio/Pages/Experience/Education.cshtml; original section/anchor,Retained in original page,R02; docs/2026/10/08-owner-decisions.md,Source/anchor/reference comparison; final HTTP verification recorded separately
PAGE-Experience-Education-TEXT-009,/Experience/Education; Associate's Degree - General Studies - 2012; line 33,Earning my Associates was a practical move to cap my foundational studies. I had several classes that I had taken where the credit for the class was about to expire at the time.,Src/Portfolio_Core/Portfolio/Pages/Experience/Education.cshtml; original section/anchor,Retained in original page,R02; docs/2026/10/08-owner-decisions.md,Source/anchor/reference comparison; final HTTP verification recorded separately
PAGE-Experience-Education-TEXT-010,/Experience/Education; Bachelor's Degree - Software Engineering - 2021; line 39,Bachelor's Degree - Software Engineering - 2021,Src/Portfolio_Core/Portfolio/Pages/Experience/Education.cshtml; original section/anchor,Owner-confirmed revision; original retained in fixed baseline,R02; docs/2026/10/08-owner-decisions.md,Source/anchor/reference comparison; final HTTP verification recorded separately
PAGE-Experience-Education-TEXT-011,/Experience/Education; Bachelor's Degree - Software Engineering - 2021; line 40,"Originally I had planned to earn a Computer Science Degree. However, the degree that I earned better fit the direction that I had moved in regards to my active career.",Src/Portfolio_Core/Portfolio/Pages/Experience/Education.cshtml; original section/anchor,Retained in original page,R02; docs/2026/10/08-owner-decisions.md,Source/anchor/reference comparison; final HTTP verification recorded separately
PAGE-Experience-Education-ANCHOR-001,/Experience/Education#EarlySelfDirected,EarlySelfDirected,Src/Portfolio_Core/Portfolio/Pages/Experience/Education.cshtml; original section/anchor,Retained in original page,R02; docs/2026/10/08-owner-decisions.md,Source/anchor/reference comparison; final HTTP verification recorded separately
PAGE-Experience-Education-ANCHOR-002,/Experience/Education#BYUIdaho,BYUIdaho,Src/Portfolio_Core/Portfolio/Pages/Experience/Education.cshtml; original section/anchor,Retained in original page,R02; docs/2026/10/08-owner-decisions.md,Source/anchor/reference comparison; final HTTP verification recorded separately
PAGE-Experience-Education-ANCHOR-003,/Experience/Education#Associates,Associates,Src/Portfolio_Core/Portfolio/Pages/Experience/Education.cshtml; original section/anchor,Retained in original page,R02; docs/2026/10/08-owner-decisions.md,Source/anchor/reference comparison; final HTTP verification recorded separately
PAGE-Experience-Education-ANCHOR-004,/Experience/Education#SoftwareEngineering,SoftwareEngineering,Src/Portfolio_Core/Portfolio/Pages/Experience/Education.cshtml; original section/anchor,Retained in original page,R02; docs/2026/10/08-owner-decisions.md,Source/anchor/reference comparison; final HTTP verification recorded separately
PAGE-Experience-Education-BEHAVIOR,/Experience/Education,Full Razor source captured in baseline-source.json,Src/Portfolio_Core/Portfolio/Pages/Experience/Education.cshtml; original section/anchor,Route/template/behavior retained; page additions mapped separately,R02; docs/2026/10/08-owner-decisions.md,Source/anchor/reference comparison; final HTTP verification recorded separately
PAGE-Experience-WorkHistory,/Experience/WorkHistory,Aliases: /Experience/WorkHistory,Src/Portfolio_Core/Portfolio/Pages/Experience/WorkHistory.cshtml; original section/anchor,Route/template/behavior retained; page additions mapped separately,R01; owner disconnect-PDF instruction; docs/2026/10/08-owner-decisions.md,Source/anchor/reference comparison; final HTTP verification recorded separately
PAGE-Experience-WorkHistory-VALUE-001,/Experience/WorkHistory; line 4,Work History,Src/Portfolio_Core/Portfolio/Pages/Experience/WorkHistory.cshtml; original section/anchor,Retained in original page,R01; owner disconnect-PDF instruction; docs/2026/10/08-owner-decisions.md,Source/anchor/reference comparison; final HTTP verification recorded separately
PAGE-Experience-WorkHistory-COMMENT-001,/Experience/WorkHistory; line 112,"@* <a href=""https://www.MLMLinkup.com"" target=""_blank"" rel=""noopener"">MLMLinkup.com</a> *@",Src/Portfolio_Core/Portfolio/Pages/Experience/WorkHistory.cshtml; original section/anchor,Retained in original page,R01; owner disconnect-PDF instruction; docs/2026/10/08-owner-decisions.md,Source/anchor/reference comparison; final HTTP verification recorded separately
PAGE-Experience-WorkHistory-TEXT-001,/Experience/WorkHistory; Introduction; line 7,"@ViewData[""Title""]",Src/Portfolio_Core/Portfolio/Pages/Experience/WorkHistory.cshtml; original section/anchor,Retained in original page,R01; owner disconnect-PDF instruction; docs/2026/10/08-owner-decisions.md,Source/anchor/reference comparison; final HTTP verification recorded separately
PAGE-Experience-WorkHistory-TEXT-002,/Experience/WorkHistory; Introduction; line 8,"@ViewData[""Message""]",Src/Portfolio_Core/Portfolio/Pages/Experience/WorkHistory.cshtml; original section/anchor,Retained in original page,R01; owner disconnect-PDF instruction; docs/2026/10/08-owner-decisions.md,Source/anchor/reference comparison; final HTTP verification recorded separately
PAGE-Experience-WorkHistory-TEXT-003,/Experience/WorkHistory; Introduction; line 12,Download my Resume >>,Fixed inventory/source baseline; PDF retained disconnected,Owner-authorized retirement of resume download control,R01; owner disconnect-PDF instruction; docs/2026/10/08-owner-decisions.md,Source/anchor/reference comparison; final HTTP verification recorded separately
PAGE-Experience-WorkHistory-TEXT-005,/Experience/WorkHistory; Church of Jesus Christ of Latter-day Saints; line 20,Church of Jesus Christ of Latter-day Saints,Src/Portfolio_Core/Portfolio/Pages/Experience/WorkHistory.cshtml; original section/anchor,Retained in original page,R01; owner disconnect-PDF instruction; docs/2026/10/08-owner-decisions.md,Source/anchor/reference comparison; final HTTP verification recorded separately
PAGE-Experience-WorkHistory-TEXT-006,/Experience/WorkHistory; Engineering Manager: February 2021 - Present; line 21,Engineering Manager: February 2021 - Present,Src/Portfolio_Core/Portfolio/Pages/Experience/WorkHistory.cshtml; original section/anchor,Owner-confirmed revision; original retained in fixed baseline,R01; owner disconnect-PDF instruction; docs/2026/10/08-owner-decisions.md,Source/anchor/reference comparison; final HTTP verification recorded separately
PAGE-Experience-WorkHistory-TEXT-007,/Experience/WorkHistory; Sr. QA Automation Engineer - SDET - Contract: August 2020 - February 2021; line 22,Sr. QA Automation Engineer - SDET - Contract: August 2020 - February 2021,Src/Portfolio_Core/Portfolio/Pages/Experience/WorkHistory.cshtml; original section/anchor,Retained in original page,R01; owner disconnect-PDF instruction; docs/2026/10/08-owner-decisions.md,Source/anchor/reference comparison; final HTTP verification recorded separately
PAGE-Experience-WorkHistory-TEXT-008,/Experience/WorkHistory; Sr. QA Automation Engineer - SDET - Contract: August 2020 - February 2021; line 24,"Mentor, Guide, and Support Direct reports in a first line HR manager capacity",Src/Portfolio_Core/Portfolio/Pages/Experience/WorkHistory.cshtml; original section/anchor,Retained in original page,R01; owner disconnect-PDF instruction; docs/2026/10/08-owner-decisions.md,Source/anchor/reference comparison; final HTTP verification recorded separately
PAGE-Experience-WorkHistory-TEXT-009,/Experience/WorkHistory; Sr. QA Automation Engineer - SDET - Contract: August 2020 - February 2021; line 25,Establish and maintain portfolio and ICS technical coding and usage standards including code reviews,Src/Portfolio_Core/Portfolio/Pages/Experience/WorkHistory.cshtml; original section/anchor,Retained in original page,R01; owner disconnect-PDF instruction; docs/2026/10/08-owner-decisions.md,Source/anchor/reference comparison; final HTTP verification recorded separately
PAGE-Experience-WorkHistory-TEXT-010,/Experience/WorkHistory; Sr. QA Automation Engineer - SDET - Contract: August 2020 - February 2021; line 26,Support teams with direct hands-on development with coding needs as a Sr. Software Engineer,Src/Portfolio_Core/Portfolio/Pages/Experience/WorkHistory.cshtml; original section/anchor,Retained in original page,R01; owner disconnect-PDF instruction; docs/2026/10/08-owner-decisions.md,Source/anchor/reference comparison; final HTTP verification recorded separately
PAGE-Experience-WorkHistory-TEXT-011,/Experience/WorkHistory; Sr. QA Automation Engineer - SDET - Contract: August 2020 - February 2021; line 27,Shared experience with team members in Agile Principles as related to Azure DevOps,Src/Portfolio_Core/Portfolio/Pages/Experience/WorkHistory.cshtml; original section/anchor,Retained in original page,R01; owner disconnect-PDF instruction; docs/2026/10/08-owner-decisions.md,Source/anchor/reference comparison; final HTTP verification recorded separately
PAGE-Experience-WorkHistory-TEXT-012,/Experience/WorkHistory; Sr. QA Automation Engineer - SDET - Contract: August 2020 - February 2021; line 28,Organized and Applied Testing Discipline and Quality Assurance Guidelines,Src/Portfolio_Core/Portfolio/Pages/Experience/WorkHistory.cshtml; original section/anchor,Retained in original page,R01; owner disconnect-PDF instruction; docs/2026/10/08-owner-decisions.md,Source/anchor/reference comparison; final HTTP verification recorded separately
PAGE-Experience-WorkHistory-TEXT-013,/Experience/WorkHistory; Sr. QA Automation Engineer - SDET - Contract: August 2020 - February 2021; line 29,Developed Test Plans for Manual and Automated Testing,Src/Portfolio_Core/Portfolio/Pages/Experience/WorkHistory.cshtml; original section/anchor,Retained in original page,R01; owner disconnect-PDF instruction; docs/2026/10/08-owner-decisions.md,Source/anchor/reference comparison; final HTTP verification recorded separately
PAGE-Experience-WorkHistory-TEXT-014,/Experience/WorkHistory; Sr. QA Automation Engineer - SDET - Contract: August 2020 - February 2021; line 30,Implemented Test Automation using Selenium and Direct API,Src/Portfolio_Core/Portfolio/Pages/Experience/WorkHistory.cshtml; original section/anchor,Retained in original page,R01; owner disconnect-PDF instruction; docs/2026/10/08-owner-decisions.md,Source/anchor/reference comparison; final HTTP verification recorded separately
PAGE-Experience-WorkHistory-TEXT-015,/Experience/WorkHistory; Sr. QA Automation Engineer - SDET - Contract: August 2020 - February 2021; line 31,Developed an Extensible Test Automation Framework based on current Software Engineering Principles,Src/Portfolio_Core/Portfolio/Pages/Experience/WorkHistory.cshtml; original section/anchor,Retained in original page,R01; owner disconnect-PDF instruction; docs/2026/10/08-owner-decisions.md,Source/anchor/reference comparison; final HTTP verification recorded separately
PAGE-Experience-WorkHistory-TEXT-016,/Experience/WorkHistory; Sr. QA Automation Engineer - SDET - Contract: August 2020 - February 2021; line 32,Technologies used,Src/Portfolio_Core/Portfolio/Pages/Experience/WorkHistory.cshtml; original section/anchor,Retained in original page,R01; owner disconnect-PDF instruction; docs/2026/10/08-owner-decisions.md,Source/anchor/reference comparison; final HTTP verification recorded separately
PAGE-Experience-WorkHistory-TEXT-017,/Experience/WorkHistory; Sr. QA Automation Engineer - SDET - Contract: August 2020 - February 2021; line 35,Azure,Src/Portfolio_Core/Portfolio/Pages/Experience/WorkHistory.cshtml; original section/anchor,Retained in original page,R01; owner disconnect-PDF instruction; docs/2026/10/08-owner-decisions.md,Source/anchor/reference comparison; final HTTP verification recorded separately
PAGE-Experience-WorkHistory-TEXT-018,/Experience/WorkHistory; Sr. QA Automation Engineer - SDET - Contract: August 2020 - February 2021; line 36,Azure DevOps / VSTS / TFS,Src/Portfolio_Core/Portfolio/Pages/Experience/WorkHistory.cshtml; original section/anchor,Retained in original page,R01; owner disconnect-PDF instruction; docs/2026/10/08-owner-decisions.md,Source/anchor/reference comparison; final HTTP verification recorded separately
PAGE-Experience-WorkHistory-TEXT-019,/Experience/WorkHistory; Sr. QA Automation Engineer - SDET - Contract: August 2020 - February 2021; line 37,Azure Key Vault,Src/Portfolio_Core/Portfolio/Pages/Experience/WorkHistory.cshtml; original section/anchor,Retained in original page,R01; owner disconnect-PDF instruction; docs/2026/10/08-owner-decisions.md,Source/anchor/reference comparison; final HTTP verification recorded separately
PAGE-Experience-WorkHistory-TEXT-020,/Experience/WorkHistory; Sr. QA Automation Engineer - SDET - Contract: August 2020 - February 2021; line 38,Blazor C# .NET (Light Exposure),Src/Portfolio_Core/Portfolio/Pages/Experience/WorkHistory.cshtml; original section/anchor,Retained in original page,R01; owner disconnect-PDF instruction; docs/2026/10/08-owner-decisions.md,Source/anchor/reference comparison; final HTTP verification recorded separately
PAGE-Experience-WorkHistory-TEXT-021,/Experience/WorkHistory; Sr. QA Automation Engineer - SDET - Contract: August 2020 - February 2021; line 39,C# .Net Framework and .Net Core,Src/Portfolio_Core/Portfolio/Pages/Experience/WorkHistory.cshtml; original section/anchor,Retained in original page,R01; owner disconnect-PDF instruction; docs/2026/10/08-owner-decisions.md,Source/anchor/reference comparison; final HTTP verification recorded separately
PAGE-Experience-WorkHistory-TEXT-022,/Experience/WorkHistory; Sr. QA Automation Engineer - SDET - Contract: August 2020 - February 2021; line 40,Docker (Light Exposure),Src/Portfolio_Core/Portfolio/Pages/Experience/WorkHistory.cshtml; original section/anchor,Retained in original page,R01; owner disconnect-PDF instruction; docs/2026/10/08-owner-decisions.md,Source/anchor/reference comparison; final HTTP verification recorded separately
PAGE-Experience-WorkHistory-TEXT-023,/Experience/WorkHistory; Sr. QA Automation Engineer - SDET - Contract: August 2020 - February 2021; line 41,GIT,Src/Portfolio_Core/Portfolio/Pages/Experience/WorkHistory.cshtml; original section/anchor,Retained in original page,R01; owner disconnect-PDF instruction; docs/2026/10/08-owner-decisions.md,Source/anchor/reference comparison; final HTTP verification recorded separately
PAGE-Experience-WorkHistory-TEXT-024,/Experience/WorkHistory; Sr. QA Automation Engineer - SDET - Contract: August 2020 - February 2021; line 42,MS-SQL,Src/Portfolio_Core/Portfolio/Pages/Experience/WorkHistory.cshtml; original section/anchor,Retained in original page,R01; owner disconnect-PDF instruction; docs/2026/10/08-owner-decisions.md,Source/anchor/reference comparison; final HTTP verification recorded separately
PAGE-Experience-WorkHistory-TEXT-025,/Experience/WorkHistory; Sr. QA Automation Engineer - SDET - Contract: August 2020 - February 2021; line 43,React (Light Exposure),Src/Portfolio_Core/Portfolio/Pages/Experience/WorkHistory.cshtml; original section/anchor,Retained in original page,R01; owner disconnect-PDF instruction; docs/2026/10/08-owner-decisions.md,Source/anchor/reference comparison; final HTTP verification recorded separately
PAGE-Experience-WorkHistory-TEXT-026,/Experience/WorkHistory; Sr. QA Automation Engineer - SDET - Contract: August 2020 - February 2021; line 44,Selenium WebDriver,Src/Portfolio_Core/Portfolio/Pages/Experience/WorkHistory.cshtml; original section/anchor,Retained in original page,R01; owner disconnect-PDF instruction; docs/2026/10/08-owner-decisions.md,Source/anchor/reference comparison; final HTTP verification recorded separately
PAGE-Experience-WorkHistory-TEXT-027,/Experience/WorkHistory; Sr. QA Automation Engineer - SDET - Contract: August 2020 - February 2021; line 45,Terraform (Light Exposure),Src/Portfolio_Core/Portfolio/Pages/Experience/WorkHistory.cshtml; original section/anchor,Retained in original page,R01; owner disconnect-PDF instruction; docs/2026/10/08-owner-decisions.md,Source/anchor/reference comparison; final HTTP verification recorded separately
PAGE-Experience-WorkHistory-TEXT-028,/Experience/WorkHistory; Sr. QA Automation Engineer - SDET - Contract: August 2020 - February 2021; line 46,Visual Studio,Src/Portfolio_Core/Portfolio/Pages/Experience/WorkHistory.cshtml; original section/anchor,Retained in original page,R01; owner disconnect-PDF instruction; docs/2026/10/08-owner-decisions.md,Source/anchor/reference comparison; final HTTP verification recorded separately
PAGE-Experience-WorkHistory-TEXT-029,/Experience/WorkHistory; Sr. QA Automation Engineer - SDET - Contract: August 2020 - February 2021; line 47,YAML - Azure DevOps Pipelines,Src/Portfolio_Core/Portfolio/Pages/Experience/WorkHistory.cshtml; original section/anchor,Retained in original page,R01; owner disconnect-PDF instruction; docs/2026/10/08-owner-decisions.md,Source/anchor/reference comparison; final HTTP verification recorded separately
PAGE-Experience-WorkHistory-TEXT-030,/Experience/WorkHistory; Academy Mortgage Corporation; line 53,Academy Mortgage Corporation,Src/Portfolio_Core/Portfolio/Pages/Experience/WorkHistory.cshtml; original section/anchor,Retained in original page,R01; owner disconnect-PDF instruction; docs/2026/10/08-owner-decisions.md,Source/anchor/reference comparison; final HTTP verification recorded separately
PAGE-Experience-WorkHistory-TEXT-031,/Experience/WorkHistory; Sr. Software Engineer: February 2017 - September 2018; line 54,Sr. Software Engineer: February 2017 - September 2018,Src/Portfolio_Core/Portfolio/Pages/Experience/WorkHistory.cshtml; original section/anchor,Retained in original page,R01; owner disconnect-PDF instruction; docs/2026/10/08-owner-decisions.md,Source/anchor/reference comparison; final HTTP verification recorded separately
PAGE-Experience-WorkHistory-TEXT-032,/Experience/WorkHistory; IT-Manager: September 2018 - August 2020; line 55,IT-Manager: September 2018 - August 2020,Src/Portfolio_Core/Portfolio/Pages/Experience/WorkHistory.cshtml; original section/anchor,Retained in original page,R01; owner disconnect-PDF instruction; docs/2026/10/08-owner-decisions.md,Source/anchor/reference comparison; final HTTP verification recorded separately
PAGE-Experience-WorkHistory-TEXT-033,/Experience/WorkHistory; IT-Manager: September 2018 - August 2020; line 57,Managing DevOps Team September 2018 - August 2020,Src/Portfolio_Core/Portfolio/Pages/Experience/WorkHistory.cshtml; original section/anchor,Retained in original page,R01; owner disconnect-PDF instruction; docs/2026/10/08-owner-decisions.md,Source/anchor/reference comparison; final HTTP verification recorded separately
PAGE-Experience-WorkHistory-TEXT-034,/Experience/WorkHistory; IT-Manager: September 2018 - August 2020; line 58,Managing Quality Assurance Team April 2019 - August 2020,Src/Portfolio_Core/Portfolio/Pages/Experience/WorkHistory.cshtml; original section/anchor,Retained in original page,R01; owner disconnect-PDF instruction; docs/2026/10/08-owner-decisions.md,Source/anchor/reference comparison; final HTTP verification recorded separately
PAGE-Experience-WorkHistory-TEXT-035,/Experience/WorkHistory; IT-Manager: September 2018 - August 2020; line 59,Managed the Service Now development team from September 2018 - April 2019,Src/Portfolio_Core/Portfolio/Pages/Experience/WorkHistory.cshtml; original section/anchor,Retained in original page,R01; owner disconnect-PDF instruction; docs/2026/10/08-owner-decisions.md,Source/anchor/reference comparison; final HTTP verification recorded separately
PAGE-Experience-WorkHistory-TEXT-036,/Experience/WorkHistory; IT-Manager: September 2018 - August 2020; line 60,Sr. Software Engineer on the Encompass Development Team from February 2017 - September 2018,Src/Portfolio_Core/Portfolio/Pages/Experience/WorkHistory.cshtml; original section/anchor,Retained in original page,R01; owner disconnect-PDF instruction; docs/2026/10/08-owner-decisions.md,Source/anchor/reference comparison; final HTTP verification recorded separately
PAGE-Experience-WorkHistory-TEXT-037,/Experience/WorkHistory; IT-Manager: September 2018 - August 2020; line 61,Management of Team Budgets and aided in the Procurement of both small and large scale Enterprise Software solutions,Src/Portfolio_Core/Portfolio/Pages/Experience/WorkHistory.cshtml; original section/anchor,Retained in original page,R01; owner disconnect-PDF instruction; docs/2026/10/08-owner-decisions.md,Source/anchor/reference comparison; final HTTP verification recorded separately
PAGE-Experience-WorkHistory-TEXT-038,/Experience/WorkHistory; IT-Manager: September 2018 - August 2020; line 62,Participates in IT Leadership and Planning Discussions with CIO and Leadership Team on weekly tactical meeting,Src/Portfolio_Core/Portfolio/Pages/Experience/WorkHistory.cshtml; original section/anchor,Retained in original page,R01; owner disconnect-PDF instruction; docs/2026/10/08-owner-decisions.md,Source/anchor/reference comparison; final HTTP verification recorded separately
PAGE-Experience-WorkHistory-TEXT-039,/Experience/WorkHistory; IT-Manager: September 2018 - August 2020; line 63,Participates as a member of the Architectural Review Board,Src/Portfolio_Core/Portfolio/Pages/Experience/WorkHistory.cshtml; original section/anchor,Retained in original page,R01; owner disconnect-PDF instruction; docs/2026/10/08-owner-decisions.md,Source/anchor/reference comparison; final HTTP verification recorded separately
PAGE-Experience-WorkHistory-TEXT-040,/Experience/WorkHistory; IT-Manager: September 2018 - August 2020; line 64,Conducts Research and Architectural review of potential application solutions and develops Proof of Concept examples - AzureServices,Src/Portfolio_Core/Portfolio/Pages/Experience/WorkHistory.cshtml; original section/anchor,Retained in original page,R01; owner disconnect-PDF instruction; docs/2026/10/08-owner-decisions.md,Source/anchor/reference comparison; final HTTP verification recorded separately
PAGE-Experience-WorkHistory-TEXT-041,/Experience/WorkHistory; IT-Manager: September 2018 - August 2020; line 66,Provided direction and leadership creating technological direction in automation and orchestration of services in QA and DevOps,Src/Portfolio_Core/Portfolio/Pages/Experience/WorkHistory.cshtml; original section/anchor,Retained in original page,R01; owner disconnect-PDF instruction; docs/2026/10/08-owner-decisions.md,Source/anchor/reference comparison; final HTTP verification recorded separately
PAGE-Experience-WorkHistory-TEXT-042,/Experience/WorkHistory; IT-Manager: September 2018 - August 2020; line 67,Customization and Plugin Development for Ellie Mae's Encompass Application,Src/Portfolio_Core/Portfolio/Pages/Experience/WorkHistory.cshtml; original section/anchor,Retained in original page,R01; owner disconnect-PDF instruction; docs/2026/10/08-owner-decisions.md,Source/anchor/reference comparison; final HTTP verification recorded separately
PAGE-Experience-WorkHistory-TEXT-043,/Experience/WorkHistory; IT-Manager: September 2018 - August 2020; line 68,Data Sync Services using Encompass SDK that sync's data bidirectionally between Encompass and a Data Warehouse - Encompass,Src/Portfolio_Core/Portfolio/Pages/Experience/WorkHistory.cshtml; original section/anchor,Retained in original page,R01; owner disconnect-PDF instruction; docs/2026/10/08-owner-decisions.md,Source/anchor/reference comparison; final HTTP verification recorded separately
PAGE-Experience-WorkHistory-TEXT-044,/Experience/WorkHistory; IT-Manager: September 2018 - August 2020; line 70,Developed implementation that creates Loans in Encompass using Ellie Mae's Dev Connect RESTful API,Src/Portfolio_Core/Portfolio/Pages/Experience/WorkHistory.cshtml; original section/anchor,Retained in original page,R01; owner disconnect-PDF instruction; docs/2026/10/08-owner-decisions.md,Source/anchor/reference comparison; final HTTP verification recorded separately
PAGE-Experience-WorkHistory-TEXT-045,/Experience/WorkHistory; IT-Manager: September 2018 - August 2020; line 71,"Assisted in the deployment, configuration, and best practices of Azure DevOps (VSTS / TFS)",Src/Portfolio_Core/Portfolio/Pages/Experience/WorkHistory.cshtml; original section/anchor,Retained in original page,R01; owner disconnect-PDF instruction; docs/2026/10/08-owner-decisions.md,Source/anchor/reference comparison; final HTTP verification recorded separately
PAGE-Experience-WorkHistory-TEXT-046,/Experience/WorkHistory; IT-Manager: September 2018 - August 2020; line 72,Member of the Technology Architecture Review Board,Src/Portfolio_Core/Portfolio/Pages/Experience/WorkHistory.cshtml; original section/anchor,Retained in original page,R01; owner disconnect-PDF instruction; docs/2026/10/08-owner-decisions.md,Source/anchor/reference comparison; final HTTP verification recorded separately
PAGE-Experience-WorkHistory-TEXT-047,/Experience/WorkHistory; IT-Manager: September 2018 - August 2020; line 73,Team Development Lead and Scrum Master,Src/Portfolio_Core/Portfolio/Pages/Experience/WorkHistory.cshtml; original section/anchor,Retained in original page,R01; owner disconnect-PDF instruction; docs/2026/10/08-owner-decisions.md,Source/anchor/reference comparison; final HTTP verification recorded separately
PAGE-Experience-WorkHistory-TEXT-048,/Experience/WorkHistory; IT-Manager: September 2018 - August 2020; line 74,Assisted in the mentoring of agile practices among team members,Src/Portfolio_Core/Portfolio/Pages/Experience/WorkHistory.cshtml; original section/anchor,Retained in original page,R01; owner disconnect-PDF instruction; docs/2026/10/08-owner-decisions.md,Source/anchor/reference comparison; final HTTP verification recorded separately
PAGE-Experience-WorkHistory-TEXT-049,/Experience/WorkHistory; IT-Manager: September 2018 - August 2020; line 75,Technologies used,Src/Portfolio_Core/Portfolio/Pages/Experience/WorkHistory.cshtml; original section/anchor,Retained in original page,R01; owner disconnect-PDF instruction; docs/2026/10/08-owner-decisions.md,Source/anchor/reference comparison; final HTTP verification recorded separately
PAGE-Experience-WorkHistory-TEXT-050,/Experience/WorkHistory; IT-Manager: September 2018 - August 2020; line 78,Adaptive Insights,Src/Portfolio_Core/Portfolio/Pages/Experience/WorkHistory.cshtml; original section/anchor,Retained in original page,R01; owner disconnect-PDF instruction; docs/2026/10/08-owner-decisions.md,Source/anchor/reference comparison; final HTTP verification recorded separately
PAGE-Experience-WorkHistory-TEXT-051,/Experience/WorkHistory; IT-Manager: September 2018 - August 2020; line 79,ASP.NET,Src/Portfolio_Core/Portfolio/Pages/Experience/WorkHistory.cshtml; original section/anchor,Retained in original page,R01; owner disconnect-PDF instruction; docs/2026/10/08-owner-decisions.md,Source/anchor/reference comparison; final HTTP verification recorded separately
PAGE-Experience-WorkHistory-TEXT-052,/Experience/WorkHistory; IT-Manager: September 2018 - August 2020; line 80,Azure,Src/Portfolio_Core/Portfolio/Pages/Experience/WorkHistory.cshtml; original section/anchor,Retained in original page,R01; owner disconnect-PDF instruction; docs/2026/10/08-owner-decisions.md,Source/anchor/reference comparison; final HTTP verification recorded separately
PAGE-Experience-WorkHistory-TEXT-053,/Experience/WorkHistory; IT-Manager: September 2018 - August 2020; line 81,Azure DevOps / VSTS / TFS,Src/Portfolio_Core/Portfolio/Pages/Experience/WorkHistory.cshtml; original section/anchor,Retained in original page,R01; owner disconnect-PDF instruction; docs/2026/10/08-owner-decisions.md,Source/anchor/reference comparison; final HTTP verification recorded separately
PAGE-Experience-WorkHistory-TEXT-054,/Experience/WorkHistory; IT-Manager: September 2018 - August 2020; line 82,Azure Function Applications,Src/Portfolio_Core/Portfolio/Pages/Experience/WorkHistory.cshtml; original section/anchor,Retained in original page,R01; owner disconnect-PDF instruction; docs/2026/10/08-owner-decisions.md,Source/anchor/reference comparison; final HTTP verification recorded separately
PAGE-Experience-WorkHistory-TEXT-055,/Experience/WorkHistory; IT-Manager: September 2018 - August 2020; line 83,Azure Logic Applications,Src/Portfolio_Core/Portfolio/Pages/Experience/WorkHistory.cshtml; original section/anchor,Retained in original page,R01; owner disconnect-PDF instruction; docs/2026/10/08-owner-decisions.md,Source/anchor/reference comparison; final HTTP verification recorded separately
PAGE-Experience-WorkHistory-TEXT-056,/Experience/WorkHistory; IT-Manager: September 2018 - August 2020; line 84,Azure Message Bus,Src/Portfolio_Core/Portfolio/Pages/Experience/WorkHistory.cshtml; original section/anchor,Retained in original page,R01; owner disconnect-PDF instruction; docs/2026/10/08-owner-decisions.md,Source/anchor/reference comparison; final HTTP verification recorded separately
PAGE-Experience-WorkHistory-TEXT-057,/Experience/WorkHistory; IT-Manager: September 2018 - August 2020; line 85,C# .Net Framework and .Net Core,Src/Portfolio_Core/Portfolio/Pages/Experience/WorkHistory.cshtml; original section/anchor,Retained in original page,R01; owner disconnect-PDF instruction; docs/2026/10/08-owner-decisions.md,Source/anchor/reference comparison; final HTTP verification recorded separately
PAGE-Experience-WorkHistory-TEXT-058,/Experience/WorkHistory; IT-Manager: September 2018 - August 2020; line 86,Docker / Kubernetes (Light Exposure),Src/Portfolio_Core/Portfolio/Pages/Experience/WorkHistory.cshtml; original section/anchor,Retained in original page,R01; owner disconnect-PDF instruction; docs/2026/10/08-owner-decisions.md,Source/anchor/reference comparison; final HTTP verification recorded separately
PAGE-Experience-WorkHistory-TEXT-059,/Experience/WorkHistory; IT-Manager: September 2018 - August 2020; line 87,Ellie Mae - Encompass,Src/Portfolio_Core/Portfolio/Pages/Experience/WorkHistory.cshtml; original section/anchor,Retained in original page,R01; owner disconnect-PDF instruction; docs/2026/10/08-owner-decisions.md,Source/anchor/reference comparison; final HTTP verification recorded separately
PAGE-Experience-WorkHistory-TEXT-060,/Experience/WorkHistory; IT-Manager: September 2018 - August 2020; line 88,GIT,Src/Portfolio_Core/Portfolio/Pages/Experience/WorkHistory.cshtml; original section/anchor,Retained in original page,R01; owner disconnect-PDF instruction; docs/2026/10/08-owner-decisions.md,Source/anchor/reference comparison; final HTTP verification recorded separately
PAGE-Experience-WorkHistory-TEXT-061,/Experience/WorkHistory; IT-Manager: September 2018 - August 2020; line 89,MS-SQL,Src/Portfolio_Core/Portfolio/Pages/Experience/WorkHistory.cshtml; original section/anchor,Retained in original page,R01; owner disconnect-PDF instruction; docs/2026/10/08-owner-decisions.md,Source/anchor/reference comparison; final HTTP verification recorded separately
PAGE-Experience-WorkHistory-TEXT-062,/Experience/WorkHistory; IT-Manager: September 2018 - August 2020; line 90,MuleSoft AnyPoint Platform (Light Exposure),Src/Portfolio_Core/Portfolio/Pages/Experience/WorkHistory.cshtml; original section/anchor,Retained in original page,R01; owner disconnect-PDF instruction; docs/2026/10/08-owner-decisions.md,Source/anchor/reference comparison; final HTTP verification recorded separately
PAGE-Experience-WorkHistory-TEXT-063,/Experience/WorkHistory; IT-Manager: September 2018 - August 2020; line 91,MVC,Src/Portfolio_Core/Portfolio/Pages/Experience/WorkHistory.cshtml; original section/anchor,Retained in original page,R01; owner disconnect-PDF instruction; docs/2026/10/08-owner-decisions.md,Source/anchor/reference comparison; final HTTP verification recorded separately
PAGE-Experience-WorkHistory-TEXT-064,/Experience/WorkHistory; IT-Manager: September 2018 - August 2020; line 92,Salt Stack (Light Exposure),Src/Portfolio_Core/Portfolio/Pages/Experience/WorkHistory.cshtml; original section/anchor,Retained in original page,R01; owner disconnect-PDF instruction; docs/2026/10/08-owner-decisions.md,Source/anchor/reference comparison; final HTTP verification recorded separately
PAGE-Experience-WorkHistory-TEXT-065,/Experience/WorkHistory; IT-Manager: September 2018 - August 2020; line 93,Service Now (Light Exposure),Src/Portfolio_Core/Portfolio/Pages/Experience/WorkHistory.cshtml; original section/anchor,Retained in original page,R01; owner disconnect-PDF instruction; docs/2026/10/08-owner-decisions.md,Source/anchor/reference comparison; final HTTP verification recorded separately
PAGE-Experience-WorkHistory-TEXT-066,/Experience/WorkHistory; IT-Manager: September 2018 - August 2020; line 94,Visual Studio,Src/Portfolio_Core/Portfolio/Pages/Experience/WorkHistory.cshtml; original section/anchor,Retained in original page,R01; owner disconnect-PDF instruction; docs/2026/10/08-owner-decisions.md,Source/anchor/reference comparison; final HTTP verification recorded separately
PAGE-Experience-WorkHistory-TEXT-067,/Experience/WorkHistory; IT-Manager: September 2018 - August 2020; line 95,Web Services SOAP & REST,Src/Portfolio_Core/Portfolio/Pages/Experience/WorkHistory.cshtml; original section/anchor,Retained in original page,R01; owner disconnect-PDF instruction; docs/2026/10/08-owner-decisions.md,Source/anchor/reference comparison; final HTTP verification recorded separately
PAGE-Experience-WorkHistory-TEXT-068,/Experience/WorkHistory; IT-Manager: September 2018 - August 2020; line 96,Workplace,Src/Portfolio_Core/Portfolio/Pages/Experience/WorkHistory.cshtml; original section/anchor,Retained in original page,R01; owner disconnect-PDF instruction; docs/2026/10/08-owner-decisions.md,Source/anchor/reference comparison; final HTTP verification recorded separately
PAGE-Experience-WorkHistory-TEXT-069,/Experience/WorkHistory; IT-Manager: September 2018 - August 2020; line 97,WPF,Src/Portfolio_Core/Portfolio/Pages/Experience/WorkHistory.cshtml; original section/anchor,Retained in original page,R01; owner disconnect-PDF instruction; docs/2026/10/08-owner-decisions.md,Source/anchor/reference comparison; final HTTP verification recorded separately
PAGE-Experience-WorkHistory-TEXT-070,/Experience/WorkHistory; A-Game Empowerment; line 103,A-Game Empowerment,Src/Portfolio_Core/Portfolio/Pages/Experience/WorkHistory.cshtml; original section/anchor,Retained in original page,R01; owner disconnect-PDF instruction; docs/2026/10/08-owner-decisions.md,Source/anchor/reference comparison; final HTTP verification recorded separately
PAGE-Experience-WorkHistory-TEXT-071,/Experience/WorkHistory; Business Owner / Entrepreneur / Sr. Software Engineer: August 2016 - Current; line 104,Business Owner / Entrepreneur / Sr. Software Engineer: August 2016 - Current,Src/Portfolio_Core/Portfolio/Pages/Experience/WorkHistory.cshtml; original section/anchor,Retained in original page,R01; owner disconnect-PDF instruction; docs/2026/10/08-owner-decisions.md,Source/anchor/reference comparison; final HTTP verification recorded separately
PAGE-Experience-WorkHistory-TEXT-073,/Experience/WorkHistory; Business Owner / Entrepreneur / Sr. Software Engineer: August 2016 - Current; line 107,Custom Web and WebAPI Application Development,Src/Portfolio_Core/Portfolio/Pages/Experience/WorkHistory.cshtml; original section/anchor,Retained in original page,R01; owner disconnect-PDF instruction; docs/2026/10/08-owner-decisions.md,Source/anchor/reference comparison; final HTTP verification recorded separately
PAGE-Experience-WorkHistory-TEXT-074,/Experience/WorkHistory; Business Owner / Entrepreneur / Sr. Software Engineer: August 2016 - Current; line 108,Responsive Mobile Web Design,Src/Portfolio_Core/Portfolio/Pages/Experience/WorkHistory.cshtml; original section/anchor,Retained in original page,R01; owner disconnect-PDF instruction; docs/2026/10/08-owner-decisions.md,Source/anchor/reference comparison; final HTTP verification recorded separately
PAGE-Experience-WorkHistory-TEXT-075,/Experience/WorkHistory; Business Owner / Entrepreneur / Sr. Software Engineer: August 2016 - Current; line 109,Developing online eTraining Courses,Src/Portfolio_Core/Portfolio/Pages/Experience/WorkHistory.cshtml; original section/anchor,Retained in original page,R01; owner disconnect-PDF instruction; docs/2026/10/08-owner-decisions.md,Source/anchor/reference comparison; final HTTP verification recorded separately
PAGE-Experience-WorkHistory-TEXT-076,/Experience/WorkHistory; Business Owner / Entrepreneur / Sr. Software Engineer: August 2016 - Current; line 110,Developed and customized WordPress Site for eCommerce and hosting eTraining Courses,Src/Portfolio_Core/Portfolio/Pages/Experience/WorkHistory.cshtml; original section/anchor,Retained in original page,R01; owner disconnect-PDF instruction; docs/2026/10/08-owner-decisions.md,Source/anchor/reference comparison; final HTTP verification recorded separately
PAGE-Experience-WorkHistory-TEXT-077,/Experience/WorkHistory; Business Owner / Entrepreneur / Sr. Software Engineer: August 2016 - Current; line 111,Developed MLMLinkup.com and hosted it on Azure,Src/Portfolio_Core/Portfolio/Pages/Experience/WorkHistory.cshtml; original section/anchor,Owner-confirmed revision; original retained in fixed baseline,R01; owner disconnect-PDF instruction; docs/2026/10/08-owner-decisions.md,Source/anchor/reference comparison; final HTTP verification recorded separately
PAGE-Experience-WorkHistory-TEXT-078,/Experience/WorkHistory; Business Owner / Entrepreneur / Sr. Software Engineer: August 2016 - Current; line 114,Implemented custom eCommerce integration with PayPal merchant services,Src/Portfolio_Core/Portfolio/Pages/Experience/WorkHistory.cshtml; original section/anchor,Retained in original page,R01; owner disconnect-PDF instruction; docs/2026/10/08-owner-decisions.md,Source/anchor/reference comparison; final HTTP verification recorded separately
PAGE-Experience-WorkHistory-TEXT-079,/Experience/WorkHistory; Business Owner / Entrepreneur / Sr. Software Engineer: August 2016 - Current; line 115,Technologies used,Src/Portfolio_Core/Portfolio/Pages/Experience/WorkHistory.cshtml; original section/anchor,Retained in original page,R01; owner disconnect-PDF instruction; docs/2026/10/08-owner-decisions.md,Source/anchor/reference comparison; final HTTP verification recorded separately
PAGE-Experience-WorkHistory-TEXT-080,/Experience/WorkHistory; Business Owner / Entrepreneur / Sr. Software Engineer: August 2016 - Current; line 118,ASP.NET,Src/Portfolio_Core/Portfolio/Pages/Experience/WorkHistory.cshtml; original section/anchor,Retained in original page,R01; owner disconnect-PDF instruction; docs/2026/10/08-owner-decisions.md,Source/anchor/reference comparison; final HTTP verification recorded separately
PAGE-Experience-WorkHistory-TEXT-081,/Experience/WorkHistory; Business Owner / Entrepreneur / Sr. Software Engineer: August 2016 - Current; line 119,Azure,Src/Portfolio_Core/Portfolio/Pages/Experience/WorkHistory.cshtml; original section/anchor,Retained in original page,R01; owner disconnect-PDF instruction; docs/2026/10/08-owner-decisions.md,Source/anchor/reference comparison; final HTTP verification recorded separately
PAGE-Experience-WorkHistory-TEXT-082,/Experience/WorkHistory; Business Owner / Entrepreneur / Sr. Software Engineer: August 2016 - Current; line 120,Azure DevOps / VSTS / TFS,Src/Portfolio_Core/Portfolio/Pages/Experience/WorkHistory.cshtml; original section/anchor,Retained in original page,R01; owner disconnect-PDF instruction; docs/2026/10/08-owner-decisions.md,Source/anchor/reference comparison; final HTTP verification recorded separately
PAGE-Experience-WorkHistory-TEXT-083,/Experience/WorkHistory; Business Owner / Entrepreneur / Sr. Software Engineer: August 2016 - Current; line 121,Azure Function Applications,Src/Portfolio_Core/Portfolio/Pages/Experience/WorkHistory.cshtml; original section/anchor,Retained in original page,R01; owner disconnect-PDF instruction; docs/2026/10/08-owner-decisions.md,Source/anchor/reference comparison; final HTTP verification recorded separately
PAGE-Experience-WorkHistory-TEXT-084,/Experience/WorkHistory; Business Owner / Entrepreneur / Sr. Software Engineer: August 2016 - Current; line 122,Azure Logic Applications,Src/Portfolio_Core/Portfolio/Pages/Experience/WorkHistory.cshtml; original section/anchor,Retained in original page,R01; owner disconnect-PDF instruction; docs/2026/10/08-owner-decisions.md,Source/anchor/reference comparison; final HTTP verification recorded separately
PAGE-Experience-WorkHistory-TEXT-085,/Experience/WorkHistory; Business Owner / Entrepreneur / Sr. Software Engineer: August 2016 - Current; line 123,Azure Message Bus,Src/Portfolio_Core/Portfolio/Pages/Experience/WorkHistory.cshtml; original section/anchor,Retained in original page,R01; owner disconnect-PDF instruction; docs/2026/10/08-owner-decisions.md,Source/anchor/reference comparison; final HTTP verification recorded separately
PAGE-Experience-WorkHistory-TEXT-086,/Experience/WorkHistory; Business Owner / Entrepreneur / Sr. Software Engineer: August 2016 - Current; line 124,C# .Net Framework and .Net Core,Src/Portfolio_Core/Portfolio/Pages/Experience/WorkHistory.cshtml; original section/anchor,Retained in original page,R01; owner disconnect-PDF instruction; docs/2026/10/08-owner-decisions.md,Source/anchor/reference comparison; final HTTP verification recorded separately
PAGE-Experience-WorkHistory-TEXT-087,/Experience/WorkHistory; Business Owner / Entrepreneur / Sr. Software Engineer: August 2016 - Current; line 125,Docker / Kubernetes (Light Exposure),Src/Portfolio_Core/Portfolio/Pages/Experience/WorkHistory.cshtml; original section/anchor,Retained in original page,R01; owner disconnect-PDF instruction; docs/2026/10/08-owner-decisions.md,Source/anchor/reference comparison; final HTTP verification recorded separately
PAGE-Experience-WorkHistory-TEXT-088,/Experience/WorkHistory; Business Owner / Entrepreneur / Sr. Software Engineer: August 2016 - Current; line 126,HostGator and cPanel,Src/Portfolio_Core/Portfolio/Pages/Experience/WorkHistory.cshtml; original section/anchor,Retained in original page,R01; owner disconnect-PDF instruction; docs/2026/10/08-owner-decisions.md,Source/anchor/reference comparison; final HTTP verification recorded separately
PAGE-Experience-WorkHistory-TEXT-089,/Experience/WorkHistory; Business Owner / Entrepreneur / Sr. Software Engineer: August 2016 - Current; line 127,Internet Information Service - IIS,Src/Portfolio_Core/Portfolio/Pages/Experience/WorkHistory.cshtml; original section/anchor,Retained in original page,R01; owner disconnect-PDF instruction; docs/2026/10/08-owner-decisions.md,Source/anchor/reference comparison; final HTTP verification recorded separately
PAGE-Experience-WorkHistory-TEXT-090,/Experience/WorkHistory; Business Owner / Entrepreneur / Sr. Software Engineer: August 2016 - Current; line 128,GIT,Src/Portfolio_Core/Portfolio/Pages/Experience/WorkHistory.cshtml; original section/anchor,Retained in original page,R01; owner disconnect-PDF instruction; docs/2026/10/08-owner-decisions.md,Source/anchor/reference comparison; final HTTP verification recorded separately
PAGE-Experience-WorkHistory-TEXT-091,/Experience/WorkHistory; Business Owner / Entrepreneur / Sr. Software Engineer: August 2016 - Current; line 129,MS-SQL,Src/Portfolio_Core/Portfolio/Pages/Experience/WorkHistory.cshtml; original section/anchor,Retained in original page,R01; owner disconnect-PDF instruction; docs/2026/10/08-owner-decisions.md,Source/anchor/reference comparison; final HTTP verification recorded separately
PAGE-Experience-WorkHistory-TEXT-092,/Experience/WorkHistory; Business Owner / Entrepreneur / Sr. Software Engineer: August 2016 - Current; line 130,MVC,Src/Portfolio_Core/Portfolio/Pages/Experience/WorkHistory.cshtml; original section/anchor,Retained in original page,R01; owner disconnect-PDF instruction; docs/2026/10/08-owner-decisions.md,Source/anchor/reference comparison; final HTTP verification recorded separately
PAGE-Experience-WorkHistory-TEXT-093,/Experience/WorkHistory; Business Owner / Entrepreneur / Sr. Software Engineer: August 2016 - Current; line 131,Visual Studio,Src/Portfolio_Core/Portfolio/Pages/Experience/WorkHistory.cshtml; original section/anchor,Retained in original page,R01; owner disconnect-PDF instruction; docs/2026/10/08-owner-decisions.md,Source/anchor/reference comparison; final HTTP verification recorded separately
PAGE-Experience-WorkHistory-TEXT-094,/Experience/WorkHistory; Business Owner / Entrepreneur / Sr. Software Engineer: August 2016 - Current; line 132,Web Services SOAP & REST,Src/Portfolio_Core/Portfolio/Pages/Experience/WorkHistory.cshtml; original section/anchor,Retained in original page,R01; owner disconnect-PDF instruction; docs/2026/10/08-owner-decisions.md,Source/anchor/reference comparison; final HTTP verification recorded separately
PAGE-Experience-WorkHistory-TEXT-095,/Experience/WorkHistory; Business Owner / Entrepreneur / Sr. Software Engineer: August 2016 - Current; line 133,WordPress,Src/Portfolio_Core/Portfolio/Pages/Experience/WorkHistory.cshtml; original section/anchor,Retained in original page,R01; owner disconnect-PDF instruction; docs/2026/10/08-owner-decisions.md,Source/anchor/reference comparison; final HTTP verification recorded separately
PAGE-Experience-WorkHistory-TEXT-096,/Experience/WorkHistory; Church of Jesus Christ of Latter-day Saints - Translation Services; line 139,Church of Jesus Christ of Latter-day Saints - Translation Services,Src/Portfolio_Core/Portfolio/Pages/Experience/WorkHistory.cshtml; original section/anchor,Retained in original page,R01; owner disconnect-PDF instruction; docs/2026/10/08-owner-decisions.md,Source/anchor/reference comparison; final HTTP verification recorded separately
PAGE-Experience-WorkHistory-TEXT-097,/Experience/WorkHistory; Sr. QA Automation Engineer - SDET - Contract: November 2014 - November 2016; line 140,Sr. QA Automation Engineer - SDET - Contract: November 2014 - November 2016,Src/Portfolio_Core/Portfolio/Pages/Experience/WorkHistory.cshtml; original section/anchor,Retained in original page,R01; owner disconnect-PDF instruction; docs/2026/10/08-owner-decisions.md,Source/anchor/reference comparison; final HTTP verification recorded separately
PAGE-Experience-WorkHistory-TEXT-098,/Experience/WorkHistory; Sr. QA Automation Engineer - SDET - Contract: November 2014 - November 2016; line 142,LDS-TS: Organized and Applied Testing Discipline and Quality Assurance Guidelines,Src/Portfolio_Core/Portfolio/Pages/Experience/WorkHistory.cshtml; original section/anchor,Retained in original page,R01; owner disconnect-PDF instruction; docs/2026/10/08-owner-decisions.md,Source/anchor/reference comparison; final HTTP verification recorded separately
PAGE-Experience-WorkHistory-TEXT-099,/Experience/WorkHistory; Sr. QA Automation Engineer - SDET - Contract: November 2014 - November 2016; line 143,LDS-TS: Developed Test Plans for Manual and Automated Testing,Src/Portfolio_Core/Portfolio/Pages/Experience/WorkHistory.cshtml; original section/anchor,Retained in original page,R01; owner disconnect-PDF instruction; docs/2026/10/08-owner-decisions.md,Source/anchor/reference comparison; final HTTP verification recorded separately
PAGE-Experience-WorkHistory-TEXT-100,/Experience/WorkHistory; Sr. QA Automation Engineer - SDET - Contract: November 2014 - November 2016; line 144,LDS-TS: Implemented Test Automation using Selenium and Direct API,Src/Portfolio_Core/Portfolio/Pages/Experience/WorkHistory.cshtml; original section/anchor,Retained in original page,R01; owner disconnect-PDF instruction; docs/2026/10/08-owner-decisions.md,Source/anchor/reference comparison; final HTTP verification recorded separately
PAGE-Experience-WorkHistory-TEXT-101,/Experience/WorkHistory; Sr. QA Automation Engineer - SDET - Contract: November 2014 - November 2016; line 145,LDS-TS: Release Management and Deployment of Updates and Patches,Src/Portfolio_Core/Portfolio/Pages/Experience/WorkHistory.cshtml; original section/anchor,Retained in original page,R01; owner disconnect-PDF instruction; docs/2026/10/08-owner-decisions.md,Source/anchor/reference comparison; final HTTP verification recorded separately
PAGE-Experience-WorkHistory-TEXT-102,/Experience/WorkHistory; Sr. QA Automation Engineer - SDET - Contract: November 2014 - November 2016; line 146,LDS-TS: Created Various Reports for the Business,Src/Portfolio_Core/Portfolio/Pages/Experience/WorkHistory.cshtml; original section/anchor,Retained in original page,R01; owner disconnect-PDF instruction; docs/2026/10/08-owner-decisions.md,Source/anchor/reference comparison; final HTTP verification recorded separately
PAGE-Experience-WorkHistory-TEXT-103,/Experience/WorkHistory; Sr. QA Automation Engineer - SDET - Contract: November 2014 - November 2016; line 147,Leadership: Mentorship of Intern and Lead in QA on team,Src/Portfolio_Core/Portfolio/Pages/Experience/WorkHistory.cshtml; original section/anchor,Retained in original page,R01; owner disconnect-PDF instruction; docs/2026/10/08-owner-decisions.md,Source/anchor/reference comparison; final HTTP verification recorded separately
PAGE-Experience-WorkHistory-TEXT-104,/Experience/WorkHistory; Sr. QA Automation Engineer - SDET - Contract: November 2014 - November 2016; line 148,Technologies used,Src/Portfolio_Core/Portfolio/Pages/Experience/WorkHistory.cshtml; original section/anchor,Retained in original page,R01; owner disconnect-PDF instruction; docs/2026/10/08-owner-decisions.md,Source/anchor/reference comparison; final HTTP verification recorded separately
PAGE-Experience-WorkHistory-TEXT-105,/Experience/WorkHistory; Sr. QA Automation Engineer - SDET - Contract: November 2014 - November 2016; line 151,C#,Src/Portfolio_Core/Portfolio/Pages/Experience/WorkHistory.cshtml; original section/anchor,Retained in original page,R01; owner disconnect-PDF instruction; docs/2026/10/08-owner-decisions.md,Source/anchor/reference comparison; final HTTP verification recorded separately
PAGE-Experience-WorkHistory-TEXT-106,/Experience/WorkHistory; Sr. QA Automation Engineer - SDET - Contract: November 2014 - November 2016; line 152,Java,Src/Portfolio_Core/Portfolio/Pages/Experience/WorkHistory.cshtml; original section/anchor,Retained in original page,R01; owner disconnect-PDF instruction; docs/2026/10/08-owner-decisions.md,Source/anchor/reference comparison; final HTTP verification recorded separately
PAGE-Experience-WorkHistory-TEXT-107,/Experience/WorkHistory; Sr. QA Automation Engineer - SDET - Contract: November 2014 - November 2016; line 153,JIRA,Src/Portfolio_Core/Portfolio/Pages/Experience/WorkHistory.cshtml; original section/anchor,Retained in original page,R01; owner disconnect-PDF instruction; docs/2026/10/08-owner-decisions.md,Source/anchor/reference comparison; final HTTP verification recorded separately
PAGE-Experience-WorkHistory-TEXT-108,/Experience/WorkHistory; Sr. QA Automation Engineer - SDET - Contract: November 2014 - November 2016; line 154,GIT,Src/Portfolio_Core/Portfolio/Pages/Experience/WorkHistory.cshtml; original section/anchor,Retained in original page,R01; owner disconnect-PDF instruction; docs/2026/10/08-owner-decisions.md,Source/anchor/reference comparison; final HTTP verification recorded separately
PAGE-Experience-WorkHistory-TEXT-109,/Experience/WorkHistory; Sr. QA Automation Engineer - SDET - Contract: November 2014 - November 2016; line 155,MS-SQL,Src/Portfolio_Core/Portfolio/Pages/Experience/WorkHistory.cshtml; original section/anchor,Retained in original page,R01; owner disconnect-PDF instruction; docs/2026/10/08-owner-decisions.md,Source/anchor/reference comparison; final HTTP verification recorded separately
PAGE-Experience-WorkHistory-TEXT-110,/Experience/WorkHistory; Sr. QA Automation Engineer - SDET - Contract: November 2014 - November 2016; line 156,Team Foundation Server - TFS,Src/Portfolio_Core/Portfolio/Pages/Experience/WorkHistory.cshtml; original section/anchor,Retained in original page,R01; owner disconnect-PDF instruction; docs/2026/10/08-owner-decisions.md,Source/anchor/reference comparison; final HTTP verification recorded separately
PAGE-Experience-WorkHistory-TEXT-111,/Experience/WorkHistory; Sr. QA Automation Engineer - SDET - Contract: November 2014 - November 2016; line 157,Translation Tools,Src/Portfolio_Core/Portfolio/Pages/Experience/WorkHistory.cshtml; original section/anchor,Retained in original page,R01; owner disconnect-PDF instruction; docs/2026/10/08-owner-decisions.md,Source/anchor/reference comparison; final HTTP verification recorded separately
PAGE-Experience-WorkHistory-TEXT-112,/Experience/WorkHistory; Sr. QA Automation Engineer - SDET - Contract: November 2014 - November 2016; line 158,Visual Studio,Src/Portfolio_Core/Portfolio/Pages/Experience/WorkHistory.cshtml; original section/anchor,Retained in original page,R01; owner disconnect-PDF instruction; docs/2026/10/08-owner-decisions.md,Source/anchor/reference comparison; final HTTP verification recorded separately
PAGE-Experience-WorkHistory-TEXT-113,/Experience/WorkHistory; Sr. QA Automation Engineer - SDET - Contract: November 2014 - November 2016; line 159,Web Services SOAP & REST,Src/Portfolio_Core/Portfolio/Pages/Experience/WorkHistory.cshtml; original section/anchor,Retained in original page,R01; owner disconnect-PDF instruction; docs/2026/10/08-owner-decisions.md,Source/anchor/reference comparison; final HTTP verification recorded separately
PAGE-Experience-WorkHistory-TEXT-114,/Experience/WorkHistory; Sr. QA Automation Engineer - SDET - Contract: November 2014 - November 2016; line 160,XML,Src/Portfolio_Core/Portfolio/Pages/Experience/WorkHistory.cshtml; original section/anchor,Retained in original page,R01; owner disconnect-PDF instruction; docs/2026/10/08-owner-decisions.md,Source/anchor/reference comparison; final HTTP verification recorded separately
PAGE-Experience-WorkHistory-TEXT-115,/Experience/WorkHistory; SwipeClock; line 166,SwipeClock,Src/Portfolio_Core/Portfolio/Pages/Experience/WorkHistory.cshtml; original section/anchor,Retained in original page,R01; owner disconnect-PDF instruction; docs/2026/10/08-owner-decisions.md,Source/anchor/reference comparison; final HTTP verification recorded separately
PAGE-Experience-WorkHistory-TEXT-116,/Experience/WorkHistory; Sr. Software Engineer: March 2013 - October 2014; line 167,Sr. Software Engineer: March 2013 - October 2014,Src/Portfolio_Core/Portfolio/Pages/Experience/WorkHistory.cshtml; original section/anchor,Retained in original page,R01; owner disconnect-PDF instruction; docs/2026/10/08-owner-decisions.md,Source/anchor/reference comparison; final HTTP verification recorded separately
PAGE-Experience-WorkHistory-TEXT-117,/Experience/WorkHistory; Sr. Software Engineer: March 2013 - October 2014; line 169,Development Lead for team,Src/Portfolio_Core/Portfolio/Pages/Experience/WorkHistory.cshtml; original section/anchor,Retained in original page,R01; owner disconnect-PDF instruction; docs/2026/10/08-owner-decisions.md,Source/anchor/reference comparison; final HTTP verification recorded separately
PAGE-Experience-WorkHistory-TEXT-118,/Experience/WorkHistory; Sr. Software Engineer: March 2013 - October 2014; line 170,Team Foundation Server Administrator,Src/Portfolio_Core/Portfolio/Pages/Experience/WorkHistory.cshtml; original section/anchor,Retained in original page,R01; owner disconnect-PDF instruction; docs/2026/10/08-owner-decisions.md,Source/anchor/reference comparison; final HTTP verification recorded separately
PAGE-Experience-WorkHistory-TEXT-119,/Experience/WorkHistory; Sr. Software Engineer: March 2013 - October 2014; line 171,Timeworks: Release Management and Lane Promotion. Multiple Release Cycles for Feature Sets,Src/Portfolio_Core/Portfolio/Pages/Experience/WorkHistory.cshtml; original section/anchor,Retained in original page,R01; owner disconnect-PDF instruction; docs/2026/10/08-owner-decisions.md,Source/anchor/reference comparison; final HTTP verification recorded separately
PAGE-Experience-WorkHistory-TEXT-120,/Experience/WorkHistory; Sr. Software Engineer: March 2013 - October 2014; line 172,Timeworks: Migration of .NET Web Site Project to support N-Tier Architecture,Src/Portfolio_Core/Portfolio/Pages/Experience/WorkHistory.cshtml; original section/anchor,Retained in original page,R01; owner disconnect-PDF instruction; docs/2026/10/08-owner-decisions.md,Source/anchor/reference comparison; final HTTP verification recorded separately
PAGE-Experience-WorkHistory-TEXT-121,/Experience/WorkHistory; Sr. Software Engineer: March 2013 - October 2014; line 173,Timeworks: Implemented changes in project to support SOA Library and WebService,Src/Portfolio_Core/Portfolio/Pages/Experience/WorkHistory.cshtml; original section/anchor,Retained in original page,R01; owner disconnect-PDF instruction; docs/2026/10/08-owner-decisions.md,Source/anchor/reference comparison; final HTTP verification recorded separately
PAGE-Experience-WorkHistory-TEXT-122,/Experience/WorkHistory; Sr. Software Engineer: March 2013 - October 2014; line 174,Timeworks: Database Architecture and Schema Deployment,Src/Portfolio_Core/Portfolio/Pages/Experience/WorkHistory.cshtml; original section/anchor,Retained in original page,R01; owner disconnect-PDF instruction; docs/2026/10/08-owner-decisions.md,Source/anchor/reference comparison; final HTTP verification recorded separately
PAGE-Experience-WorkHistory-TEXT-123,/Experience/WorkHistory; Sr. Software Engineer: March 2013 - October 2014; line 175,Technologies used,Src/Portfolio_Core/Portfolio/Pages/Experience/WorkHistory.cshtml; original section/anchor,Retained in original page,R01; owner disconnect-PDF instruction; docs/2026/10/08-owner-decisions.md,Source/anchor/reference comparison; final HTTP verification recorded separately
PAGE-Experience-WorkHistory-TEXT-124,/Experience/WorkHistory; Sr. Software Engineer: March 2013 - October 2014; line 178,ASP.NET,Src/Portfolio_Core/Portfolio/Pages/Experience/WorkHistory.cshtml; original section/anchor,Retained in original page,R01; owner disconnect-PDF instruction; docs/2026/10/08-owner-decisions.md,Source/anchor/reference comparison; final HTTP verification recorded separately
PAGE-Experience-WorkHistory-TEXT-125,/Experience/WorkHistory; Sr. Software Engineer: March 2013 - October 2014; line 179,C#,Src/Portfolio_Core/Portfolio/Pages/Experience/WorkHistory.cshtml; original section/anchor,Retained in original page,R01; owner disconnect-PDF instruction; docs/2026/10/08-owner-decisions.md,Source/anchor/reference comparison; final HTTP verification recorded separately
PAGE-Experience-WorkHistory-TEXT-126,/Experience/WorkHistory; Sr. Software Engineer: March 2013 - October 2014; line 180,IIS,Src/Portfolio_Core/Portfolio/Pages/Experience/WorkHistory.cshtml; original section/anchor,Retained in original page,R01; owner disconnect-PDF instruction; docs/2026/10/08-owner-decisions.md,Source/anchor/reference comparison; final HTTP verification recorded separately
PAGE-Experience-WorkHistory-TEXT-127,/Experience/WorkHistory; Sr. Software Engineer: March 2013 - October 2014; line 181,MS-SQL / T-SQL,Src/Portfolio_Core/Portfolio/Pages/Experience/WorkHistory.cshtml; original section/anchor,Retained in original page,R01; owner disconnect-PDF instruction; docs/2026/10/08-owner-decisions.md,Source/anchor/reference comparison; final HTTP verification recorded separately
PAGE-Experience-WorkHistory-TEXT-128,/Experience/WorkHistory; Sr. Software Engineer: March 2013 - October 2014; line 182,Team Foundation Server - TFS,Src/Portfolio_Core/Portfolio/Pages/Experience/WorkHistory.cshtml; original section/anchor,Retained in original page,R01; owner disconnect-PDF instruction; docs/2026/10/08-owner-decisions.md,Source/anchor/reference comparison; final HTTP verification recorded separately
PAGE-Experience-WorkHistory-TEXT-129,/Experience/WorkHistory; Sr. Software Engineer: March 2013 - October 2014; line 183,Visual Studio,Src/Portfolio_Core/Portfolio/Pages/Experience/WorkHistory.cshtml; original section/anchor,Retained in original page,R01; owner disconnect-PDF instruction; docs/2026/10/08-owner-decisions.md,Source/anchor/reference comparison; final HTTP verification recorded separately
PAGE-Experience-WorkHistory-TEXT-130,/Experience/WorkHistory; Sr. Software Engineer: March 2013 - October 2014; line 184,Web Services SOAP & REST,Src/Portfolio_Core/Portfolio/Pages/Experience/WorkHistory.cshtml; original section/anchor,Retained in original page,R01; owner disconnect-PDF instruction; docs/2026/10/08-owner-decisions.md,Source/anchor/reference comparison; final HTTP verification recorded separately
PAGE-Experience-WorkHistory-TEXT-131,/Experience/WorkHistory; Sr. Software Engineer: March 2013 - October 2014; line 185,XML,Src/Portfolio_Core/Portfolio/Pages/Experience/WorkHistory.cshtml; original section/anchor,Retained in original page,R01; owner disconnect-PDF instruction; docs/2026/10/08-owner-decisions.md,Source/anchor/reference comparison; final HTTP verification recorded separately
PAGE-Experience-WorkHistory-TEXT-132,/Experience/WorkHistory; Church of Jesus Christ of Latter-day Saints - Translation Services; line 191,Church of Jesus Christ of Latter-day Saints - Translation Services,Src/Portfolio_Core/Portfolio/Pages/Experience/WorkHistory.cshtml; original section/anchor,Retained in original page,R01; owner disconnect-PDF instruction; docs/2026/10/08-owner-decisions.md,Source/anchor/reference comparison; final HTTP verification recorded separately
PAGE-Experience-WorkHistory-TEXT-133,/Experience/WorkHistory; Sr. QA Automation Engineer - SDET - Contract: March 2011 - March 2013; line 192,Sr. QA Automation Engineer - SDET - Contract: March 2011 - March 2013,Src/Portfolio_Core/Portfolio/Pages/Experience/WorkHistory.cshtml; original section/anchor,Retained in original page,R01; owner disconnect-PDF instruction; docs/2026/10/08-owner-decisions.md,Source/anchor/reference comparison; final HTTP verification recorded separately
PAGE-Experience-WorkHistory-TEXT-134,/Experience/WorkHistory; Sr. QA Automation Engineer - SDET - Contract: March 2011 - March 2013; line 194,LDS-TS: Completed Product Release Cycle,Src/Portfolio_Core/Portfolio/Pages/Experience/WorkHistory.cshtml; original section/anchor,Retained in original page,R01; owner disconnect-PDF instruction; docs/2026/10/08-owner-decisions.md,Source/anchor/reference comparison; final HTTP verification recorded separately
PAGE-Experience-WorkHistory-TEXT-135,/Experience/WorkHistory; Sr. QA Automation Engineer - SDET - Contract: March 2011 - March 2013; line 195,LDS-TS: Manual and Automated Testing and Development of Test Cases,Src/Portfolio_Core/Portfolio/Pages/Experience/WorkHistory.cshtml; original section/anchor,Retained in original page,R01; owner disconnect-PDF instruction; docs/2026/10/08-owner-decisions.md,Source/anchor/reference comparison; final HTTP verification recorded separately
PAGE-Experience-WorkHistory-TEXT-136,/Experience/WorkHistory; Sr. QA Automation Engineer - SDET - Contract: March 2011 - March 2013; line 196,LDS-TS: Application and Database Performance Analysis and Developed SQL data management scripts,Src/Portfolio_Core/Portfolio/Pages/Experience/WorkHistory.cshtml; original section/anchor,Retained in original page,R01; owner disconnect-PDF instruction; docs/2026/10/08-owner-decisions.md,Source/anchor/reference comparison; final HTTP verification recorded separately
PAGE-Experience-WorkHistory-TEXT-137,/Experience/WorkHistory; Sr. QA Automation Engineer - SDET - Contract: March 2011 - March 2013; line 197,LDS-TS: Updated SQL Scripts for data migration from Oracle / Clarity to SQL,Src/Portfolio_Core/Portfolio/Pages/Experience/WorkHistory.cshtml; original section/anchor,Retained in original page,R01; owner disconnect-PDF instruction; docs/2026/10/08-owner-decisions.md,Source/anchor/reference comparison; final HTTP verification recorded separately
PAGE-Experience-WorkHistory-TEXT-138,/Experience/WorkHistory; Sr. QA Automation Engineer - SDET - Contract: March 2011 - March 2013; line 198,LDS-TS: SQL Database Schema and Data validation,Src/Portfolio_Core/Portfolio/Pages/Experience/WorkHistory.cshtml; original section/anchor,Retained in original page,R01; owner disconnect-PDF instruction; docs/2026/10/08-owner-decisions.md,Source/anchor/reference comparison; final HTTP verification recorded separately
PAGE-Experience-WorkHistory-TEXT-139,/Experience/WorkHistory; Sr. QA Automation Engineer - SDET - Contract: March 2011 - March 2013; line 199,Technologies used,Src/Portfolio_Core/Portfolio/Pages/Experience/WorkHistory.cshtml; original section/anchor,Retained in original page,R01; owner disconnect-PDF instruction; docs/2026/10/08-owner-decisions.md,Source/anchor/reference comparison; final HTTP verification recorded separately
PAGE-Experience-WorkHistory-TEXT-140,/Experience/WorkHistory; Sr. QA Automation Engineer - SDET - Contract: March 2011 - March 2013; line 202,C#,Src/Portfolio_Core/Portfolio/Pages/Experience/WorkHistory.cshtml; original section/anchor,Retained in original page,R01; owner disconnect-PDF instruction; docs/2026/10/08-owner-decisions.md,Source/anchor/reference comparison; final HTTP verification recorded separately
PAGE-Experience-WorkHistory-TEXT-141,/Experience/WorkHistory; Sr. QA Automation Engineer - SDET - Contract: March 2011 - March 2013; line 203,IIS,Src/Portfolio_Core/Portfolio/Pages/Experience/WorkHistory.cshtml; original section/anchor,Retained in original page,R01; owner disconnect-PDF instruction; docs/2026/10/08-owner-decisions.md,Source/anchor/reference comparison; final HTTP verification recorded separately
PAGE-Experience-WorkHistory-TEXT-142,/Experience/WorkHistory; Sr. QA Automation Engineer - SDET - Contract: March 2011 - March 2013; line 204,MS-SQL T-SQL,Src/Portfolio_Core/Portfolio/Pages/Experience/WorkHistory.cshtml; original section/anchor,Retained in original page,R01; owner disconnect-PDF instruction; docs/2026/10/08-owner-decisions.md,Source/anchor/reference comparison; final HTTP verification recorded separately
PAGE-Experience-WorkHistory-TEXT-143,/Experience/WorkHistory; Sr. QA Automation Engineer - SDET - Contract: March 2011 - March 2013; line 205,Silverlight,Src/Portfolio_Core/Portfolio/Pages/Experience/WorkHistory.cshtml; original section/anchor,Retained in original page,R01; owner disconnect-PDF instruction; docs/2026/10/08-owner-decisions.md,Source/anchor/reference comparison; final HTTP verification recorded separately
PAGE-Experience-WorkHistory-TEXT-144,/Experience/WorkHistory; Sr. QA Automation Engineer - SDET - Contract: March 2011 - March 2013; line 206,TFS,Src/Portfolio_Core/Portfolio/Pages/Experience/WorkHistory.cshtml; original section/anchor,Retained in original page,R01; owner disconnect-PDF instruction; docs/2026/10/08-owner-decisions.md,Source/anchor/reference comparison; final HTTP verification recorded separately
PAGE-Experience-WorkHistory-TEXT-145,/Experience/WorkHistory; Sr. QA Automation Engineer - SDET - Contract: March 2011 - March 2013; line 207,Visual Studio,Src/Portfolio_Core/Portfolio/Pages/Experience/WorkHistory.cshtml; original section/anchor,Retained in original page,R01; owner disconnect-PDF instruction; docs/2026/10/08-owner-decisions.md,Source/anchor/reference comparison; final HTTP verification recorded separately
PAGE-Experience-WorkHistory-TEXT-146,/Experience/WorkHistory; Sr. QA Automation Engineer - SDET - Contract: March 2011 - March 2013; line 208,Web Services SOAP & REST,Src/Portfolio_Core/Portfolio/Pages/Experience/WorkHistory.cshtml; original section/anchor,Retained in original page,R01; owner disconnect-PDF instruction; docs/2026/10/08-owner-decisions.md,Source/anchor/reference comparison; final HTTP verification recorded separately
PAGE-Experience-WorkHistory-TEXT-147,/Experience/WorkHistory; Sr. QA Automation Engineer - SDET - Contract: March 2011 - March 2013; line 209,XML,Src/Portfolio_Core/Portfolio/Pages/Experience/WorkHistory.cshtml; original section/anchor,Retained in original page,R01; owner disconnect-PDF instruction; docs/2026/10/08-owner-decisions.md,Source/anchor/reference comparison; final HTTP verification recorded separately
PAGE-Experience-WorkHistory-TEXT-148,/Experience/WorkHistory; Microsoft Contracts (Multiple); line 215,Microsoft Contracts (Multiple),Src/Portfolio_Core/Portfolio/Pages/Experience/WorkHistory.cshtml; original section/anchor,Retained in original page,R01; owner disconnect-PDF instruction; docs/2026/10/08-owner-decisions.md,Source/anchor/reference comparison; final HTTP verification recorded separately
PAGE-Experience-WorkHistory-TEXT-149,/Experience/WorkHistory; QA Automation Engineer - SDET: January 2008 - September 2010; line 216,QA Automation Engineer - SDET: January 2008 - September 2010,Src/Portfolio_Core/Portfolio/Pages/Experience/WorkHistory.cshtml; original section/anchor,Retained in original page,R01; owner disconnect-PDF instruction; docs/2026/10/08-owner-decisions.md,Source/anchor/reference comparison; final HTTP verification recorded separately
PAGE-Experience-WorkHistory-TEXT-150,/Experience/WorkHistory; QA Automation Engineer - SDET: January 2008 - September 2010; line 218,CRM: Ownership over test suite validating backward compatibility through WCF interface,Src/Portfolio_Core/Portfolio/Pages/Experience/WorkHistory.cshtml; original section/anchor,Retained in original page,R01; owner disconnect-PDF instruction; docs/2026/10/08-owner-decisions.md,Source/anchor/reference comparison; final HTTP verification recorded separately
PAGE-Experience-WorkHistory-TEXT-151,/Experience/WorkHistory; QA Automation Engineer - SDET: January 2008 - September 2010; line 219,"CRM: Analyzing Stack Traces to determine software breaks, filing and verifying software bugs / fixes",Src/Portfolio_Core/Portfolio/Pages/Experience/WorkHistory.cshtml; original section/anchor,Retained in original page,R01; owner disconnect-PDF instruction; docs/2026/10/08-owner-decisions.md,Source/anchor/reference comparison; final HTTP verification recorded separately
PAGE-Experience-WorkHistory-TEXT-152,/Experience/WorkHistory; QA Automation Engineer - SDET: January 2008 - September 2010; line 220,Zune: Developed Web based Reporting website,Src/Portfolio_Core/Portfolio/Pages/Experience/WorkHistory.cshtml; original section/anchor,Retained in original page,R01; owner disconnect-PDF instruction; docs/2026/10/08-owner-decisions.md,Source/anchor/reference comparison; final HTTP verification recorded separately
PAGE-Experience-WorkHistory-TEXT-153,/Experience/WorkHistory; QA Automation Engineer - SDET: January 2008 - September 2010; line 221,"Zune: Developed SQL Database, stored procedures, and triggers to interface with the website",Src/Portfolio_Core/Portfolio/Pages/Experience/WorkHistory.cshtml; original section/anchor,Retained in original page,R01; owner disconnect-PDF instruction; docs/2026/10/08-owner-decisions.md,Source/anchor/reference comparison; final HTTP verification recorded separately
PAGE-Experience-WorkHistory-TEXT-154,/Experience/WorkHistory; QA Automation Engineer - SDET: January 2008 - September 2010; line 222,Zune: Developed SSIS packages in MS-SQL to import data into a data-mart database,Src/Portfolio_Core/Portfolio/Pages/Experience/WorkHistory.cshtml; original section/anchor,Retained in original page,R01; owner disconnect-PDF instruction; docs/2026/10/08-owner-decisions.md,Source/anchor/reference comparison; final HTTP verification recorded separately
PAGE-Experience-WorkHistory-TEXT-155,/Experience/WorkHistory; QA Automation Engineer - SDET: January 2008 - September 2010; line 223,Zune: Developed system to migrate data from Data-mart into Analysis Services,Src/Portfolio_Core/Portfolio/Pages/Experience/WorkHistory.cshtml; original section/anchor,Retained in original page,R01; owner disconnect-PDF instruction; docs/2026/10/08-owner-decisions.md,Source/anchor/reference comparison; final HTTP verification recorded separately
PAGE-Experience-WorkHistory-TEXT-156,/Experience/WorkHistory; QA Automation Engineer - SDET: January 2008 - September 2010; line 224,"Zune: Participated in scrum team planning, scoping, and prioritization",Src/Portfolio_Core/Portfolio/Pages/Experience/WorkHistory.cshtml; original section/anchor,Retained in original page,R01; owner disconnect-PDF instruction; docs/2026/10/08-owner-decisions.md,Source/anchor/reference comparison; final HTTP verification recorded separately
PAGE-Experience-WorkHistory-TEXT-157,/Experience/WorkHistory; QA Automation Engineer - SDET: January 2008 - September 2010; line 225,Technologies used,Src/Portfolio_Core/Portfolio/Pages/Experience/WorkHistory.cshtml; original section/anchor,Retained in original page,R01; owner disconnect-PDF instruction; docs/2026/10/08-owner-decisions.md,Source/anchor/reference comparison; final HTTP verification recorded separately
PAGE-Experience-WorkHistory-TEXT-158,/Experience/WorkHistory; QA Automation Engineer - SDET: January 2008 - September 2010; line 228,C#,Src/Portfolio_Core/Portfolio/Pages/Experience/WorkHistory.cshtml; original section/anchor,Retained in original page,R01; owner disconnect-PDF instruction; docs/2026/10/08-owner-decisions.md,Source/anchor/reference comparison; final HTTP verification recorded separately
PAGE-Experience-WorkHistory-TEXT-159,/Experience/WorkHistory; QA Automation Engineer - SDET: January 2008 - September 2010; line 229,MS-SQL / T-SQL,Src/Portfolio_Core/Portfolio/Pages/Experience/WorkHistory.cshtml; original section/anchor,Retained in original page,R01; owner disconnect-PDF instruction; docs/2026/10/08-owner-decisions.md,Source/anchor/reference comparison; final HTTP verification recorded separately
PAGE-Experience-WorkHistory-TEXT-160,/Experience/WorkHistory; QA Automation Engineer - SDET: January 2008 - September 2010; line 230,Product Studio,Src/Portfolio_Core/Portfolio/Pages/Experience/WorkHistory.cshtml; original section/anchor,Retained in original page,R01; owner disconnect-PDF instruction; docs/2026/10/08-owner-decisions.md,Source/anchor/reference comparison; final HTTP verification recorded separately
PAGE-Experience-WorkHistory-TEXT-161,/Experience/WorkHistory; QA Automation Engineer - SDET: January 2008 - September 2010; line 231,Source Depot,Src/Portfolio_Core/Portfolio/Pages/Experience/WorkHistory.cshtml; original section/anchor,Retained in original page,R01; owner disconnect-PDF instruction; docs/2026/10/08-owner-decisions.md,Source/anchor/reference comparison; final HTTP verification recorded separately
PAGE-Experience-WorkHistory-TEXT-162,/Experience/WorkHistory; QA Automation Engineer - SDET: January 2008 - September 2010; line 232,Visual Studio,Src/Portfolio_Core/Portfolio/Pages/Experience/WorkHistory.cshtml; original section/anchor,Retained in original page,R01; owner disconnect-PDF instruction; docs/2026/10/08-owner-decisions.md,Source/anchor/reference comparison; final HTTP verification recorded separately
PAGE-Experience-WorkHistory-TEXT-163,/Experience/WorkHistory; Carey And Associates; line 238,Carey And Associates,Src/Portfolio_Core/Portfolio/Pages/Experience/WorkHistory.cshtml; original section/anchor,Retained in original page,R01; owner disconnect-PDF instruction; docs/2026/10/08-owner-decisions.md,Source/anchor/reference comparison; final HTTP verification recorded separately
PAGE-Experience-WorkHistory-TEXT-164,/Experience/WorkHistory; Member Owner / Entrepreneur / Software Architect: April 2007 - May 2020; line 239,Member Owner / Entrepreneur / Software Architect: April 2007 - May 2020,Src/Portfolio_Core/Portfolio/Pages/Experience/WorkHistory.cshtml; original section/anchor,Retained in original page,R01; owner disconnect-PDF instruction; docs/2026/10/08-owner-decisions.md,Source/anchor/reference comparison; final HTTP verification recorded separately
PAGE-Experience-WorkHistory-TEXT-165,/Experience/WorkHistory; Member Owner / Entrepreneur / Software Architect: April 2007 - May 2020; line 241,Professional Consulting providing software architecture and solutions for business logic,Src/Portfolio_Core/Portfolio/Pages/Experience/WorkHistory.cshtml; original section/anchor,Retained in original page,R01; owner disconnect-PDF instruction; docs/2026/10/08-owner-decisions.md,Source/anchor/reference comparison; final HTTP verification recorded separately
PAGE-Experience-WorkHistory-TEXT-166,/Experience/WorkHistory; Member Owner / Entrepreneur / Software Architect: April 2007 - May 2020; line 242,Developed SOAP / REST Service to replicate data from a server to a Mobile Client,Src/Portfolio_Core/Portfolio/Pages/Experience/WorkHistory.cshtml; original section/anchor,Retained in original page,R01; owner disconnect-PDF instruction; docs/2026/10/08-owner-decisions.md,Source/anchor/reference comparison; final HTTP verification recorded separately
PAGE-Experience-WorkHistory-TEXT-167,/Experience/WorkHistory; Member Owner / Entrepreneur / Software Architect: April 2007 - May 2020; line 243,Developed media content and delivery system and web service utilizing C# ASP.NET (2 Years),Src/Portfolio_Core/Portfolio/Pages/Experience/WorkHistory.cshtml; original section/anchor,Retained in original page,R01; owner disconnect-PDF instruction; docs/2026/10/08-owner-decisions.md,Source/anchor/reference comparison; final HTTP verification recorded separately
PAGE-Experience-WorkHistory-TEXT-168,/Experience/WorkHistory; Member Owner / Entrepreneur / Software Architect: April 2007 - May 2020; line 244,"Development of SQL Databases, creating tables, stored procedures, indexes, and custom applications",Src/Portfolio_Core/Portfolio/Pages/Experience/WorkHistory.cshtml; original section/anchor,Retained in original page,R01; owner disconnect-PDF instruction; docs/2026/10/08-owner-decisions.md,Source/anchor/reference comparison; final HTTP verification recorded separately
PAGE-Experience-WorkHistory-TEXT-169,/Experience/WorkHistory; Member Owner / Entrepreneur / Software Architect: April 2007 - May 2020; line 245,Developed Client in Java that communicated with a SOAP Service,Src/Portfolio_Core/Portfolio/Pages/Experience/WorkHistory.cshtml; original section/anchor,Retained in original page,R01; owner disconnect-PDF instruction; docs/2026/10/08-owner-decisions.md,Source/anchor/reference comparison; final HTTP verification recorded separately
PAGE-Experience-WorkHistory-TEXT-170,/Experience/WorkHistory; Member Owner / Entrepreneur / Software Architect: April 2007 - May 2020; line 246,Technologies used,Src/Portfolio_Core/Portfolio/Pages/Experience/WorkHistory.cshtml; original section/anchor,Retained in original page,R01; owner disconnect-PDF instruction; docs/2026/10/08-owner-decisions.md,Source/anchor/reference comparison; final HTTP verification recorded separately
PAGE-Experience-WorkHistory-TEXT-171,/Experience/WorkHistory; Member Owner / Entrepreneur / Software Architect: April 2007 - May 2020; line 249,AJAX,Src/Portfolio_Core/Portfolio/Pages/Experience/WorkHistory.cshtml; original section/anchor,Retained in original page,R01; owner disconnect-PDF instruction; docs/2026/10/08-owner-decisions.md,Source/anchor/reference comparison; final HTTP verification recorded separately
PAGE-Experience-WorkHistory-TEXT-172,/Experience/WorkHistory; Member Owner / Entrepreneur / Software Architect: April 2007 - May 2020; line 250,ASP.NET,Src/Portfolio_Core/Portfolio/Pages/Experience/WorkHistory.cshtml; original section/anchor,Retained in original page,R01; owner disconnect-PDF instruction; docs/2026/10/08-owner-decisions.md,Source/anchor/reference comparison; final HTTP verification recorded separately
PAGE-Experience-WorkHistory-TEXT-173,/Experience/WorkHistory; Member Owner / Entrepreneur / Software Architect: April 2007 - May 2020; line 251,BugTracker.NET,Src/Portfolio_Core/Portfolio/Pages/Experience/WorkHistory.cshtml; original section/anchor,Retained in original page,R01; owner disconnect-PDF instruction; docs/2026/10/08-owner-decisions.md,Source/anchor/reference comparison; final HTTP verification recorded separately
PAGE-Experience-WorkHistory-TEXT-174,/Experience/WorkHistory; Member Owner / Entrepreneur / Software Architect: April 2007 - May 2020; line 252,C#,Src/Portfolio_Core/Portfolio/Pages/Experience/WorkHistory.cshtml; original section/anchor,Retained in original page,R01; owner disconnect-PDF instruction; docs/2026/10/08-owner-decisions.md,Source/anchor/reference comparison; final HTTP verification recorded separately
PAGE-Experience-WorkHistory-TEXT-175,/Experience/WorkHistory; Member Owner / Entrepreneur / Software Architect: April 2007 - May 2020; line 253,CSS,Src/Portfolio_Core/Portfolio/Pages/Experience/WorkHistory.cshtml; original section/anchor,Retained in original page,R01; owner disconnect-PDF instruction; docs/2026/10/08-owner-decisions.md,Source/anchor/reference comparison; final HTTP verification recorded separately
PAGE-Experience-WorkHistory-TEXT-176,/Experience/WorkHistory; Member Owner / Entrepreneur / Software Architect: April 2007 - May 2020; line 254,HTML,Src/Portfolio_Core/Portfolio/Pages/Experience/WorkHistory.cshtml; original section/anchor,Retained in original page,R01; owner disconnect-PDF instruction; docs/2026/10/08-owner-decisions.md,Source/anchor/reference comparison; final HTTP verification recorded separately
PAGE-Experience-WorkHistory-TEXT-177,/Experience/WorkHistory; Member Owner / Entrepreneur / Software Architect: April 2007 - May 2020; line 255,IIS,Src/Portfolio_Core/Portfolio/Pages/Experience/WorkHistory.cshtml; original section/anchor,Retained in original page,R01; owner disconnect-PDF instruction; docs/2026/10/08-owner-decisions.md,Source/anchor/reference comparison; final HTTP verification recorded separately
PAGE-Experience-WorkHistory-TEXT-178,/Experience/WorkHistory; Member Owner / Entrepreneur / Software Architect: April 2007 - May 2020; line 256,Java,Src/Portfolio_Core/Portfolio/Pages/Experience/WorkHistory.cshtml; original section/anchor,Retained in original page,R01; owner disconnect-PDF instruction; docs/2026/10/08-owner-decisions.md,Source/anchor/reference comparison; final HTTP verification recorded separately
PAGE-Experience-WorkHistory-TEXT-179,/Experience/WorkHistory; Member Owner / Entrepreneur / Software Architect: April 2007 - May 2020; line 257,JavaScript,Src/Portfolio_Core/Portfolio/Pages/Experience/WorkHistory.cshtml; original section/anchor,Retained in original page,R01; owner disconnect-PDF instruction; docs/2026/10/08-owner-decisions.md,Source/anchor/reference comparison; final HTTP verification recorded separately
PAGE-Experience-WorkHistory-TEXT-180,/Experience/WorkHistory; Member Owner / Entrepreneur / Software Architect: April 2007 - May 2020; line 258,MS-SQL / T-SQL,Src/Portfolio_Core/Portfolio/Pages/Experience/WorkHistory.cshtml; original section/anchor,Retained in original page,R01; owner disconnect-PDF instruction; docs/2026/10/08-owner-decisions.md,Source/anchor/reference comparison; final HTTP verification recorded separately
PAGE-Experience-WorkHistory-TEXT-181,/Experience/WorkHistory; Member Owner / Entrepreneur / Software Architect: April 2007 - May 2020; line 259,SVN,Src/Portfolio_Core/Portfolio/Pages/Experience/WorkHistory.cshtml; original section/anchor,Retained in original page,R01; owner disconnect-PDF instruction; docs/2026/10/08-owner-decisions.md,Source/anchor/reference comparison; final HTTP verification recorded separately
PAGE-Experience-WorkHistory-TEXT-182,/Experience/WorkHistory; Member Owner / Entrepreneur / Software Architect: April 2007 - May 2020; line 260,Visual Studio,Src/Portfolio_Core/Portfolio/Pages/Experience/WorkHistory.cshtml; original section/anchor,Retained in original page,R01; owner disconnect-PDF instruction; docs/2026/10/08-owner-decisions.md,Source/anchor/reference comparison; final HTTP verification recorded separately
PAGE-Experience-WorkHistory-TEXT-183,/Experience/WorkHistory; Member Owner / Entrepreneur / Software Architect: April 2007 - May 2020; line 261,XML,Src/Portfolio_Core/Portfolio/Pages/Experience/WorkHistory.cshtml; original section/anchor,Retained in original page,R01; owner disconnect-PDF instruction; docs/2026/10/08-owner-decisions.md,Source/anchor/reference comparison; final HTTP verification recorded separately
PAGE-Experience-WorkHistory-TEXT-184,/Experience/WorkHistory; Kumusoft; line 267,Kumusoft,Src/Portfolio_Core/Portfolio/Pages/Experience/WorkHistory.cshtml; original section/anchor,Retained in original page,R01; owner disconnect-PDF instruction; docs/2026/10/08-owner-decisions.md,Source/anchor/reference comparison; final HTTP verification recorded separately
PAGE-Experience-WorkHistory-TEXT-185,/Experience/WorkHistory; Member Owner / Entrepreneur / Software Engineer: January 2002 - September 2005; line 268,Member Owner / Entrepreneur / Software Engineer: January 2002 - September 2005,Src/Portfolio_Core/Portfolio/Pages/Experience/WorkHistory.cshtml; original section/anchor,Retained in original page,R01; owner disconnect-PDF instruction; docs/2026/10/08-owner-decisions.md,Source/anchor/reference comparison; final HTTP verification recorded separately
PAGE-Experience-WorkHistory-TEXT-186,/Experience/WorkHistory; Member Owner / Entrepreneur / Software Engineer: January 2002 - September 2005; line 270,Developed web application for presentation of web based genealogical data,Src/Portfolio_Core/Portfolio/Pages/Experience/WorkHistory.cshtml; original section/anchor,Retained in original page,R01; owner disconnect-PDF instruction; docs/2026/10/08-owner-decisions.md,Source/anchor/reference comparison; final HTTP verification recorded separately
PAGE-Experience-WorkHistory-TEXT-187,/Experience/WorkHistory; Member Owner / Entrepreneur / Software Engineer: January 2002 - September 2005; line 271,Implemented security and access control layer for user interaction with web based software,Src/Portfolio_Core/Portfolio/Pages/Experience/WorkHistory.cshtml; original section/anchor,Retained in original page,R01; owner disconnect-PDF instruction; docs/2026/10/08-owner-decisions.md,Source/anchor/reference comparison; final HTTP verification recorded separately
PAGE-Experience-WorkHistory-TEXT-188,/Experience/WorkHistory; Member Owner / Entrepreneur / Software Engineer: January 2002 - September 2005; line 272,Technologies used,Src/Portfolio_Core/Portfolio/Pages/Experience/WorkHistory.cshtml; original section/anchor,Retained in original page,R01; owner disconnect-PDF instruction; docs/2026/10/08-owner-decisions.md,Source/anchor/reference comparison; final HTTP verification recorded separately
PAGE-Experience-WorkHistory-TEXT-189,/Experience/WorkHistory; Member Owner / Entrepreneur / Software Engineer: January 2002 - September 2005; line 275,ASP.NET,Src/Portfolio_Core/Portfolio/Pages/Experience/WorkHistory.cshtml; original section/anchor,Retained in original page,R01; owner disconnect-PDF instruction; docs/2026/10/08-owner-decisions.md,Source/anchor/reference comparison; final HTTP verification recorded separately
PAGE-Experience-WorkHistory-TEXT-190,/Experience/WorkHistory; Member Owner / Entrepreneur / Software Engineer: January 2002 - September 2005; line 276,C/C++,Src/Portfolio_Core/Portfolio/Pages/Experience/WorkHistory.cshtml; original section/anchor,Retained in original page,R01; owner disconnect-PDF instruction; docs/2026/10/08-owner-decisions.md,Source/anchor/reference comparison; final HTTP verification recorded separately
PAGE-Experience-WorkHistory-TEXT-191,/Experience/WorkHistory; Member Owner / Entrepreneur / Software Engineer: January 2002 - September 2005; line 277,C#,Src/Portfolio_Core/Portfolio/Pages/Experience/WorkHistory.cshtml; original section/anchor,Retained in original page,R01; owner disconnect-PDF instruction; docs/2026/10/08-owner-decisions.md,Source/anchor/reference comparison; final HTTP verification recorded separately
PAGE-Experience-WorkHistory-TEXT-192,/Experience/WorkHistory; Member Owner / Entrepreneur / Software Engineer: January 2002 - September 2005; line 278,IIS,Src/Portfolio_Core/Portfolio/Pages/Experience/WorkHistory.cshtml; original section/anchor,Retained in original page,R01; owner disconnect-PDF instruction; docs/2026/10/08-owner-decisions.md,Source/anchor/reference comparison; final HTTP verification recorded separately
PAGE-Experience-WorkHistory-TEXT-193,/Experience/WorkHistory; Member Owner / Entrepreneur / Software Engineer: January 2002 - September 2005; line 279,MS-SQL / T-SQL,Src/Portfolio_Core/Portfolio/Pages/Experience/WorkHistory.cshtml; original section/anchor,Retained in original page,R01; owner disconnect-PDF instruction; docs/2026/10/08-owner-decisions.md,Source/anchor/reference comparison; final HTTP verification recorded separately
PAGE-Experience-WorkHistory-TEXT-194,/Experience/WorkHistory; Member Owner / Entrepreneur / Software Engineer: January 2002 - September 2005; line 280,Visual Studio,Src/Portfolio_Core/Portfolio/Pages/Experience/WorkHistory.cshtml; original section/anchor,Retained in original page,R01; owner disconnect-PDF instruction; docs/2026/10/08-owner-decisions.md,Source/anchor/reference comparison; final HTTP verification recorded separately
PAGE-Experience-WorkHistory-TEXT-195,/Experience/WorkHistory; Member Owner / Entrepreneur / Software Engineer: January 2002 - September 2005; line 281,VSS,Src/Portfolio_Core/Portfolio/Pages/Experience/WorkHistory.cshtml; original section/anchor,Retained in original page,R01; owner disconnect-PDF instruction; docs/2026/10/08-owner-decisions.md,Source/anchor/reference comparison; final HTTP verification recorded separately
PAGE-Experience-WorkHistory-REF-001,/Experience/WorkHistory; line 13,"{""line"": 13, ""tag"": ""a"", ""attribute"": ""href"", ""target"": ""~/content/pdf/resume.pdf"", ""attributes"": {""class"": ""btn btn-info"", ""href"": ""~/content/pdf/resume.pdf"", ""target"": ""_blank"", ""rel"": ""noopener"", ""style"": ""background: #2e86c1; color: white; font-weight: bold;""}}",Original file /content/pdf/Resume.pdf; baseline history,"Owner-authorized disconnection; original PDF retained unchanged, no page link",R01; owner disconnect-PDF instruction; docs/2026/10/08-owner-decisions.md,Source/anchor/reference comparison; final HTTP verification recorded separately
PAGE-Experience-WorkHistory-REF-002,/Experience/WorkHistory; line 65,"{""line"": 65, ""tag"": ""a"", ""attribute"": ""asp-page"", ""target"": ""/Projects/AzureServices"", ""attributes"": {""asp-area"": """", ""asp-page"": ""/Projects/AzureServices""}}",Src/Portfolio_Core/Portfolio/Pages/Experience/WorkHistory.cshtml; original section/anchor,Retained in original page,R01; owner disconnect-PDF instruction; docs/2026/10/08-owner-decisions.md,Source/anchor/reference comparison; final HTTP verification recorded separately
PAGE-Experience-WorkHistory-REF-003,/Experience/WorkHistory; line 69,"{""line"": 69, ""tag"": ""a"", ""attribute"": ""asp-page"", ""target"": ""/Projects/Encompass"", ""attributes"": {""asp-area"": """", ""asp-page"": ""/Projects/Encompass""}}",Src/Portfolio_Core/Portfolio/Pages/Experience/WorkHistory.cshtml; original section/anchor,Retained in original page,R01; owner disconnect-PDF instruction; docs/2026/10/08-owner-decisions.md,Source/anchor/reference comparison; final HTTP verification recorded separately
PAGE-Experience-WorkHistory-ANCHOR-001,/Experience/WorkHistory#LDSChurch03,LDSChurch03,Src/Portfolio_Core/Portfolio/Pages/Experience/WorkHistory.cshtml; original section/anchor,Retained in original page,R01; owner disconnect-PDF instruction; docs/2026/10/08-owner-decisions.md,Source/anchor/reference comparison; final HTTP verification recorded separately
PAGE-Experience-WorkHistory-ANCHOR-002,/Experience/WorkHistory#AcademyMortgage,AcademyMortgage,Src/Portfolio_Core/Portfolio/Pages/Experience/WorkHistory.cshtml; original section/anchor,Retained in original page,R01; owner disconnect-PDF instruction; docs/2026/10/08-owner-decisions.md,Source/anchor/reference comparison; final HTTP verification recorded separately
PAGE-Experience-WorkHistory-ANCHOR-003,/Experience/WorkHistory#AGameEmpowerment,AGameEmpowerment,Src/Portfolio_Core/Portfolio/Pages/Experience/WorkHistory.cshtml; original section/anchor,Retained in original page,R01; owner disconnect-PDF instruction; docs/2026/10/08-owner-decisions.md,Source/anchor/reference comparison; final HTTP verification recorded separately
PAGE-Experience-WorkHistory-ANCHOR-004,/Experience/WorkHistory#LDSChurch02,LDSChurch02,Src/Portfolio_Core/Portfolio/Pages/Experience/WorkHistory.cshtml; original section/anchor,Retained in original page,R01; owner disconnect-PDF instruction; docs/2026/10/08-owner-decisions.md,Source/anchor/reference comparison; final HTTP verification recorded separately
PAGE-Experience-WorkHistory-ANCHOR-005,/Experience/WorkHistory#SwipeClock,SwipeClock,Src/Portfolio_Core/Portfolio/Pages/Experience/WorkHistory.cshtml; original section/anchor,Retained in original page,R01; owner disconnect-PDF instruction; docs/2026/10/08-owner-decisions.md,Source/anchor/reference comparison; final HTTP verification recorded separately
PAGE-Experience-WorkHistory-ANCHOR-006,/Experience/WorkHistory#LDSChurch01,LDSChurch01,Src/Portfolio_Core/Portfolio/Pages/Experience/WorkHistory.cshtml; original section/anchor,Retained in original page,R01; owner disconnect-PDF instruction; docs/2026/10/08-owner-decisions.md,Source/anchor/reference comparison; final HTTP verification recorded separately
PAGE-Experience-WorkHistory-ANCHOR-007,/Experience/WorkHistory#Microsoft,Microsoft,Src/Portfolio_Core/Portfolio/Pages/Experience/WorkHistory.cshtml; original section/anchor,Retained in original page,R01; owner disconnect-PDF instruction; docs/2026/10/08-owner-decisions.md,Source/anchor/reference comparison; final HTTP verification recorded separately
PAGE-Experience-WorkHistory-ANCHOR-008,/Experience/WorkHistory#CareyAndAssoc,CareyAndAssoc,Src/Portfolio_Core/Portfolio/Pages/Experience/WorkHistory.cshtml; original section/anchor,Retained in original page,R01; owner disconnect-PDF instruction; docs/2026/10/08-owner-decisions.md,Source/anchor/reference comparison; final HTTP verification recorded separately
PAGE-Experience-WorkHistory-ANCHOR-009,/Experience/WorkHistory#Kumusoft,Kumusoft,Src/Portfolio_Core/Portfolio/Pages/Experience/WorkHistory.cshtml; original section/anchor,Retained in original page,R01; owner disconnect-PDF instruction; docs/2026/10/08-owner-decisions.md,Source/anchor/reference comparison; final HTTP verification recorded separately
PAGE-Experience-WorkHistory-BEHAVIOR,/Experience/WorkHistory,Full Razor source captured in baseline-source.json,Src/Portfolio_Core/Portfolio/Pages/Experience/WorkHistory.cshtml; original section/anchor,Route/template/behavior retained; page additions mapped separately,R01; owner disconnect-PDF instruction; docs/2026/10/08-owner-decisions.md,Source/anchor/reference comparison; final HTTP verification recorded separately
PAGE-Index,/,"Aliases: /, /Index",Src/Portfolio_Core/Portfolio/Pages/Index.cshtml; original section/anchor,Route/template/behavior retained; page additions mapped separately,R01/R03; owner disconnect-PDF instruction; docs/2026/10/08-owner-decisions.md,Source/anchor/reference comparison; final HTTP verification recorded separately
PAGE-Index-VALUE-001,/; line 4,Home page,Src/Portfolio_Core/Portfolio/Pages/Index.cshtml; original section/anchor,Retained in original page,R01/R03; owner disconnect-PDF instruction; docs/2026/10/08-owner-decisions.md,Source/anchor/reference comparison; final HTTP verification recorded separately
PAGE-Index-TEXT-001,/; Michael B. Carey's ePortfolio; line 12,Michael B. Carey's ePortfolio,Src/Portfolio_Core/Portfolio/Pages/Index.cshtml; original section/anchor,Retained in original page,R01/R03; owner disconnect-PDF instruction; docs/2026/10/08-owner-decisions.md,Source/anchor/reference comparison; final HTTP verification recorded separately
PAGE-Index-TEXT-002,/; Michael B. Carey's ePortfolio; line 13,"Welcome to my Work in Progress ePortfolio! I'm excited that you're here. Please look around—by the time you finish, you'll have a great idea of who I am and what I can offer!",Src/Portfolio_Core/Portfolio/Pages/Index.cshtml; original section/anchor,Retained in original page,R01/R03; owner disconnect-PDF instruction; docs/2026/10/08-owner-decisions.md,Source/anchor/reference comparison; final HTTP verification recorded separately
PAGE-Index-TEXT-003,/; Michael B. Carey's ePortfolio; line 14,"I currently have full-time work and am open to part-time or side work through my business A-Game Empowerment , brokered via Upwork . My availability is limited to mornings and evenings (Mountain Time).",Fixed inventory/source baseline,Owner-authorized removal of solicitation; original retained in baseline,R01/R03; owner disconnect-PDF instruction; docs/2026/10/08-owner-decisions.md,Source/anchor/reference comparison; final HTTP verification recorded separately
PAGE-Index-TEXT-004,/; Michael B. Carey's ePortfolio; line 15,"I believe in being active in my community and local government. While not currently seeking office, I encourage everyone to stay informed. Check out this AI-powered resource to stay engaged!",Src/Portfolio_Core/Portfolio/Pages/Index.cshtml; original section/anchor,Retained in original page,R01/R03; owner disconnect-PDF instruction; docs/2026/10/08-owner-decisions.md,Source/anchor/reference comparison; final HTTP verification recorded separately
PAGE-Index-TEXT-005,/; Technical Experience; line 20,Technical Experience,Src/Portfolio_Core/Portfolio/Pages/Index.cshtml; original section/anchor,Retained in original page,R01/R03; owner disconnect-PDF instruction; docs/2026/10/08-owner-decisions.md,Source/anchor/reference comparison; final HTTP verification recorded separately
PAGE-Index-TEXT-006,/; Technical Experience; line 26,Years Technology Description,Src/Portfolio_Core/Portfolio/Pages/Index.cshtml; original section/anchor,Retained in original page,R01/R03; owner disconnect-PDF instruction; docs/2026/10/08-owner-decisions.md,Source/anchor/reference comparison; final HTTP verification recorded separately
PAGE-Index-TEXT-007,/; Technical Experience; line 33,"15+ C# / .NET Framework / .NET Core Design and development of multi-tier and custom applications, including personal projects for continuing education.",Src/Portfolio_Core/Portfolio/Pages/Index.cshtml; original section/anchor,Retained in original page,R01/R03; owner disconnect-PDF instruction; docs/2026/10/08-owner-decisions.md,Source/anchor/reference comparison; final HTTP verification recorded separately
PAGE-Index-TEXT-008,/; Technical Experience; line 38,"15+ Development Tools Visual Studio, VS Code, SQL Server Management Studio (SSMS), Notepad++, Eclipse, Netbeans, Git, Azure DevOps, JIRA, Postman, etc.",Src/Portfolio_Core/Portfolio/Pages/Index.cshtml; original section/anchor,Retained in original page,R01/R03; owner disconnect-PDF instruction; docs/2026/10/08-owner-decisions.md,Source/anchor/reference comparison; final HTTP verification recorded separately
PAGE-Index-TEXT-009,/; Technical Experience; line 43,15+ ASP.NET / API / MVC Razor / Blazor Implemented multiple different web based applications and APIs from inception to delivery. The addition of Blazor to my skill set is a recent addition and I am excited to see where it goes.,Src/Portfolio_Core/Portfolio/Pages/Index.cshtml; original section/anchor,Retained in original page,R01/R03; owner disconnect-PDF instruction; docs/2026/10/08-owner-decisions.md,Source/anchor/reference comparison; final HTTP verification recorded separately
PAGE-Index-TEXT-010,/; Technical Experience; line 51,"10+ SOHO Computer Networks Proficiency in setting up in home and small business networks. Includes Routers, Gateways, and Windows Servers.",Src/Portfolio_Core/Portfolio/Pages/Index.cshtml; original section/anchor,Retained in original page,R01/R03; owner disconnect-PDF instruction; docs/2026/10/08-owner-decisions.md,Source/anchor/reference comparison; final HTTP verification recorded separately
PAGE-Index-TEXT-011,/; Technical Experience; line 56,"10+ Operating Systems Windows Desktop and Server OS, Mac, Linux",Src/Portfolio_Core/Portfolio/Pages/Index.cshtml; original section/anchor,Retained in original page,R01/R03; owner disconnect-PDF instruction; docs/2026/10/08-owner-decisions.md,Source/anchor/reference comparison; final HTTP verification recorded separately
PAGE-Index-TEXT-012,/; Technical Experience; line 61,"8+ HTML / JavaScript / CSS / Bootstrap Use of HTML in the creation of ASP.NET web applications. Utilizing the features and functionality of JavaScript and Cascading Style Sheets for page layout. Though I have been working with front end technologies, my primary focus has been on the back end.",Src/Portfolio_Core/Portfolio/Pages/Index.cshtml; original section/anchor,Retained in original page,R01/R03; owner disconnect-PDF instruction; docs/2026/10/08-owner-decisions.md,Source/anchor/reference comparison; final HTTP verification recorded separately
PAGE-Index-TEXT-013,/; Technical Experience; line 70,"8+ SQL Server / T-SQL Design and development of databases, stored procedures, and functions. Proficient in writing complex queries and performance tuning.",Src/Portfolio_Core/Portfolio/Pages/Index.cshtml; original section/anchor,Retained in original page,R01/R03; owner disconnect-PDF instruction; docs/2026/10/08-owner-decisions.md,Source/anchor/reference comparison; final HTTP verification recorded separately
PAGE-Index-TEXT-014,/; Technical Experience; line 77,"7+ Azure Cloud I have experience with Azure DevOps and various Azure PaaS, SaaS technologies.",Src/Portfolio_Core/Portfolio/Pages/Index.cshtml; original section/anchor,Retained in original page,R01/R03; owner disconnect-PDF instruction; docs/2026/10/08-owner-decisions.md,Source/anchor/reference comparison; final HTTP verification recorded separately
PAGE-Index-TEXT-015,/; Technical Experience; line 84,Technologies and Skills: ⭐ASP.NET / API / MVC / Web Development ⭐C# .Net Core / Framework ⭐Web Services / RESTful ⚡️Agile / Scrum / Kanban ⚡️Azure / Service Bus / AI Services / Key Vault / Function & Logic Apps / SQL / Application Services / Storage / API Gateway / etc. ⚡️Azure DevOps / TFS ⚡️Debugging and Troubleshooting ⚡️GitHub ⚡️JSON ⚡️MS-SQL / T-SQL ⚡️Quality Assurance ⚡️Source Control / GIT / TFVS ⚡️Visual Studio / VS Code / Other IDEs 🔸Blazor C# .NET 🔸Docker and Containers 🔸GraphQL 🔸HTML / JavaScript / CSS 🔸OpenAI and GPTs 🔸Performance Optimization 🔸PowerShell / Automation 🔸Selenium WebDriver 🔸YAML C / C++ IIS Java Jira Leading and Mentoring Networking / SOHO / DNS / VPN / Firewall & Security OpenAI / Chat-GPT / Azure AI Studio Operating Systems / Windows / Linux - Ubuntu / Mac React Terraform WordPress XML,Src/Portfolio_Core/Portfolio/Pages/Index.cshtml; original section/anchor,Retained in original page,R01/R03; owner disconnect-PDF instruction; docs/2026/10/08-owner-decisions.md,Source/anchor/reference comparison; final HTTP verification recorded separately
PAGE-Index-TEXT-050,/; Resume; line 136,Resume,Fixed inventory/source baseline; PDF retained disconnected,Owner-authorized retirement of resume download control,R01/R03; owner disconnect-PDF instruction; docs/2026/10/08-owner-decisions.md,Source/anchor/reference comparison; final HTTP verification recorded separately
PAGE-Index-TEXT-051,/; Resume; line 139,Click the button below to download a copy of my resume.,Fixed inventory/source baseline; PDF retained disconnected,Owner-authorized retirement of resume download control,R01/R03; owner disconnect-PDF instruction; docs/2026/10/08-owner-decisions.md,Source/anchor/reference comparison; final HTTP verification recorded separately
PAGE-Index-TEXT-052,/; Resume; line 140,Download Resume,Fixed inventory/source baseline; PDF retained disconnected,Owner-authorized retirement of resume download control,R01/R03; owner disconnect-PDF instruction; docs/2026/10/08-owner-decisions.md,Source/anchor/reference comparison; final HTTP verification recorded separately
PAGE-Index-TEXT-053,/; Projects; line 147,Projects,Src/Portfolio_Core/Portfolio/Pages/Index.cshtml; original section/anchor,Retained in original page,R01/R03; owner disconnect-PDF instruction; docs/2026/10/08-owner-decisions.md,Source/anchor/reference comparison; final HTTP verification recorded separately
PAGE-Index-TEXT-054,/; Projects; line 150,I've had the opportunity to work on some amazing software applications.,Src/Portfolio_Core/Portfolio/Pages/Index.cshtml; original section/anchor,Retained in original page,R01/R03; owner disconnect-PDF instruction; docs/2026/10/08-owner-decisions.md,Source/anchor/reference comparison; final HTTP verification recorded separately
PAGE-Index-TEXT-055,/; Projects; line 151,View Projects,Src/Portfolio_Core/Portfolio/Pages/Index.cshtml; original section/anchor,Retained in original page,R01/R03; owner disconnect-PDF instruction; docs/2026/10/08-owner-decisions.md,Source/anchor/reference comparison; final HTTP verification recorded separately
PAGE-Index-TEXT-056,/; Skills; line 158,Skills,Src/Portfolio_Core/Portfolio/Pages/Index.cshtml; original section/anchor,Retained in original page,R01/R03; owner disconnect-PDF instruction; docs/2026/10/08-owner-decisions.md,Source/anchor/reference comparison; final HTTP verification recorded separately
PAGE-Index-TEXT-057,/; Skills; line 161,A curated list of many skills I possess.,Src/Portfolio_Core/Portfolio/Pages/Index.cshtml; original section/anchor,Retained in original page,R01/R03; owner disconnect-PDF instruction; docs/2026/10/08-owner-decisions.md,Source/anchor/reference comparison; final HTTP verification recorded separately
PAGE-Index-TEXT-058,/; Skills; line 162,View Skills,Src/Portfolio_Core/Portfolio/Pages/Index.cshtml; original section/anchor,Retained in original page,R01/R03; owner disconnect-PDF instruction; docs/2026/10/08-owner-decisions.md,Source/anchor/reference comparison; final HTTP verification recorded separately
PAGE-Index-TEXT-059,/; Experience; line 169,Experience,Src/Portfolio_Core/Portfolio/Pages/Index.cshtml; original section/anchor,Retained in original page,R01/R03; owner disconnect-PDF instruction; docs/2026/10/08-owner-decisions.md,Source/anchor/reference comparison; final HTTP verification recorded separately
PAGE-Index-TEXT-060,/; Experience; line 172,Personal experiences both inside and outside the workplace.,Src/Portfolio_Core/Portfolio/Pages/Index.cshtml; original section/anchor,Retained in original page,R01/R03; owner disconnect-PDF instruction; docs/2026/10/08-owner-decisions.md,Source/anchor/reference comparison; final HTTP verification recorded separately
PAGE-Index-TEXT-061,/; Experience; line 173,View Experience,Src/Portfolio_Core/Portfolio/Pages/Index.cshtml; original section/anchor,Retained in original page,R01/R03; owner disconnect-PDF instruction; docs/2026/10/08-owner-decisions.md,Source/anchor/reference comparison; final HTTP verification recorded separately
PAGE-Index-TEXT-062,/; Social Media; line 180,Social Media,Src/Portfolio_Core/Portfolio/Pages/Index.cshtml; original section/anchor,Retained in original page,R01/R03; owner disconnect-PDF instruction; docs/2026/10/08-owner-decisions.md,Source/anchor/reference comparison; final HTTP verification recorded separately
PAGE-Index-TEXT-063,/; Social Media; line 183,LinkedIn,Src/Portfolio_Core/Portfolio/Pages/Index.cshtml; original section/anchor,Retained in original page,R01/R03; owner disconnect-PDF instruction; docs/2026/10/08-owner-decisions.md,Source/anchor/reference comparison; final HTTP verification recorded separately
PAGE-Index-TEXT-064,/; Social Media; line 184,Facebook,Src/Portfolio_Core/Portfolio/Pages/Index.cshtml; original section/anchor,Retained in original page,R01/R03; owner disconnect-PDF instruction; docs/2026/10/08-owner-decisions.md,Source/anchor/reference comparison; final HTTP verification recorded separately
PAGE-Index-TEXT-065,/; Social Media; line 185,YouTube,Src/Portfolio_Core/Portfolio/Pages/Index.cshtml; original section/anchor,Retained in original page,R01/R03; owner disconnect-PDF instruction; docs/2026/10/08-owner-decisions.md,Source/anchor/reference comparison; final HTTP verification recorded separately
PAGE-Index-TEXT-066,/; Social Media; line 186,Instagram,Src/Portfolio_Core/Portfolio/Pages/Index.cshtml; original section/anchor,Retained in original page,R01/R03; owner disconnect-PDF instruction; docs/2026/10/08-owner-decisions.md,Source/anchor/reference comparison; final HTTP verification recorded separately
PAGE-Index-TEXT-067,/; Social Media; line 187,Twitter,Src/Portfolio_Core/Portfolio/Pages/Index.cshtml; original section/anchor,Retained in original page,R01/R03; owner disconnect-PDF instruction; docs/2026/10/08-owner-decisions.md,Source/anchor/reference comparison; final HTTP verification recorded separately
PAGE-Index-TEXT-068,/; Social Media; line 188,GitHub,Src/Portfolio_Core/Portfolio/Pages/Index.cshtml; original section/anchor,Retained in original page,R01/R03; owner disconnect-PDF instruction; docs/2026/10/08-owner-decisions.md,Source/anchor/reference comparison; final HTTP verification recorded separately
PAGE-Index-REF-001,/; line 9,"{""line"": 9, ""tag"": ""img"", ""attribute"": ""src"", ""target"": ""~/content/images/fbMichael_B_Carey.jpg"", ""attributes"": {""class"": ""img-fluid rounded shadow"", ""src"": ""~/content/images/fbMichael_B_Carey.jpg"", ""title"": ""Michael B. Carey"", ""alt"": ""Michael B. Carey"", ""style"": ""max-width: 180px;""}}",Src/Portfolio_Core/Portfolio/Pages/Index.cshtml; original section/anchor,Retained in original page,R01/R03; owner disconnect-PDF instruction; docs/2026/10/08-owner-decisions.md,Source/anchor/reference comparison; final HTTP verification recorded separately
PAGE-Index-REF-002,/; line 14,"{""line"": 14, ""tag"": ""a"", ""attribute"": ""href"", ""target"": ""https://www.AGameEmpowerment.com"", ""attributes"": {""class"": ""fw-bold"", ""href"": ""https://www.AGameEmpowerment.com"", ""rel"": ""noopener""}}",/AboutMe; entrepreneurial background,Business connection retained in AboutMe; homepage solicitation removed,R01/R03; owner disconnect-PDF instruction; docs/2026/10/08-owner-decisions.md,Source/anchor/reference comparison; final HTTP verification recorded separately
PAGE-Index-REF-003,/; line 14,"{""line"": 14, ""tag"": ""a"", ""attribute"": ""href"", ""target"": ""https://www.upwork.com/freelancers/michaelbcarey"", ""attributes"": {""class"": ""fw-bold"", ""href"": ""https://www.upwork.com/freelancers/michaelbcarey"", ""target"": ""_blank"", ""rel"": ""noopener""}}",Fixed inventory/source baseline,Owner-authorized removal of contract solicitation,R01/R03; owner disconnect-PDF instruction; docs/2026/10/08-owner-decisions.md,Source/anchor/reference comparison; final HTTP verification recorded separately
PAGE-Index-REF-004,/; line 15,"{""line"": 15, ""tag"": ""a"", ""attribute"": ""href"", ""target"": ""https://citizenportal.ai/a/pbrq3z"", ""attributes"": {""class"": ""fw-bold"", ""href"": ""https://citizenportal.ai/a/pbrq3z"", ""rel"": ""noopener"", ""target"": ""_blank""}}",Src/Portfolio_Core/Portfolio/Pages/Index.cshtml; original section/anchor,Retained in original page,R01/R03; owner disconnect-PDF instruction; docs/2026/10/08-owner-decisions.md,Source/anchor/reference comparison; final HTTP verification recorded separately
PAGE-Index-REF-005,/; line 140,"{""line"": 140, ""tag"": ""a"", ""attribute"": ""href"", ""target"": ""~/content/pdf/resume.pdf"", ""attributes"": {""class"": ""btn btn-primary d-block mb-2"", ""href"": ""~/content/pdf/resume.pdf"", ""target"": ""_blank"", ""rel"": ""noopener""}}",Original file /content/pdf/Resume.pdf; baseline history,"Owner-authorized disconnection; original PDF retained unchanged, no page link",R01/R03; owner disconnect-PDF instruction; docs/2026/10/08-owner-decisions.md,Source/anchor/reference comparison; final HTTP verification recorded separately
PAGE-Index-REF-006,/; line 151,"{""line"": 151, ""tag"": ""a"", ""attribute"": ""asp-page"", ""target"": ""/Projects/Index"", ""attributes"": {""class"": ""btn btn-primary d-block mb-2"", ""asp-area"": """", ""asp-page"": ""/Projects/Index""}}",Src/Portfolio_Core/Portfolio/Pages/Index.cshtml; original section/anchor,Retained in original page,R01/R03; owner disconnect-PDF instruction; docs/2026/10/08-owner-decisions.md,Source/anchor/reference comparison; final HTTP verification recorded separately
PAGE-Index-REF-007,/; line 162,"{""line"": 162, ""tag"": ""a"", ""attribute"": ""asp-page"", ""target"": ""/Skills/Index"", ""attributes"": {""class"": ""btn btn-primary d-block mb-2"", ""asp-area"": """", ""asp-page"": ""/Skills/Index""}}",Src/Portfolio_Core/Portfolio/Pages/Index.cshtml; original section/anchor,Retained in original page,R01/R03; owner disconnect-PDF instruction; docs/2026/10/08-owner-decisions.md,Source/anchor/reference comparison; final HTTP verification recorded separately
PAGE-Index-REF-008,/; line 173,"{""line"": 173, ""tag"": ""a"", ""attribute"": ""asp-page"", ""target"": ""/Experience/Index"", ""attributes"": {""class"": ""btn btn-primary d-block mb-2"", ""asp-area"": """", ""asp-page"": ""/Experience/Index""}}",Src/Portfolio_Core/Portfolio/Pages/Index.cshtml; original section/anchor,Retained in original page,R01/R03; owner disconnect-PDF instruction; docs/2026/10/08-owner-decisions.md,Source/anchor/reference comparison; final HTTP verification recorded separately
PAGE-Index-REF-009,/; line 183,"{""line"": 183, ""tag"": ""a"", ""attribute"": ""href"", ""target"": ""https://www.linkedin.com/in/michael-carey-13899627/"", ""attributes"": {""class"": ""btn btn-primary d-block mb-2"", ""href"": ""https://www.linkedin.com/in/michael-carey-13899627/"", ""target"": ""_blank"", ""rel"": ""noopener""}}",Src/Portfolio_Core/Portfolio/Pages/Index.cshtml; original section/anchor,Retained in original page,R01/R03; owner disconnect-PDF instruction; docs/2026/10/08-owner-decisions.md,Source/anchor/reference comparison; final HTTP verification recorded separately
PAGE-Index-REF-010,/; line 184,"{""line"": 184, ""tag"": ""a"", ""attribute"": ""href"", ""target"": ""https://www.facebook.com/MCLifeLeader"", ""attributes"": {""class"": ""btn btn-primary d-block mb-2"", ""href"": ""https://www.facebook.com/MCLifeLeader"", ""target"": ""_blank"", ""rel"": ""noopener""}}",Src/Portfolio_Core/Portfolio/Pages/Index.cshtml; original section/anchor,Retained in original page,R01/R03; owner disconnect-PDF instruction; docs/2026/10/08-owner-decisions.md,Source/anchor/reference comparison; final HTTP verification recorded separately
PAGE-Index-REF-011,/; line 185,"{""line"": 185, ""tag"": ""a"", ""attribute"": ""href"", ""target"": ""https://www.youtube.com/c/AgameempowermentIntl"", ""attributes"": {""class"": ""btn btn-primary d-block mb-2"", ""href"": ""https://www.youtube.com/c/AgameempowermentIntl"", ""target"": ""_blank"", ""rel"": ""noopener""}}",Src/Portfolio_Core/Portfolio/Pages/Index.cshtml; original section/anchor,Retained in original page,R01/R03; owner disconnect-PDF instruction; docs/2026/10/08-owner-decisions.md,Source/anchor/reference comparison; final HTTP verification recorded separately
PAGE-Index-REF-012,/; line 186,"{""line"": 186, ""tag"": ""a"", ""attribute"": ""href"", ""target"": ""https://www.instagram.com/mclifeleader/"", ""attributes"": {""class"": ""btn btn-primary d-block mb-2"", ""href"": ""https://www.instagram.com/mclifeleader/"", ""target"": ""_blank"", ""rel"": ""noopener""}}",Src/Portfolio_Core/Portfolio/Pages/Index.cshtml; original section/anchor,Retained in original page,R01/R03; owner disconnect-PDF instruction; docs/2026/10/08-owner-decisions.md,Source/anchor/reference comparison; final HTTP verification recorded separately
PAGE-Index-REF-013,/; line 187,"{""line"": 187, ""tag"": ""a"", ""attribute"": ""href"", ""target"": ""https://twitter.com/mclifeleader"", ""attributes"": {""class"": ""btn btn-primary d-block mb-2"", ""href"": ""https://twitter.com/mclifeleader"", ""target"": ""_blank"", ""rel"": ""noopener""}}",Src/Portfolio_Core/Portfolio/Pages/Index.cshtml; original section/anchor,Retained in original page,R01/R03; owner disconnect-PDF instruction; docs/2026/10/08-owner-decisions.md,Source/anchor/reference comparison; final HTTP verification recorded separately
PAGE-Index-REF-014,/; line 188,"{""line"": 188, ""tag"": ""a"", ""attribute"": ""href"", ""target"": ""https://github.com/MCLifeLeader"", ""attributes"": {""class"": ""btn btn-primary d-block"", ""href"": ""https://github.com/MCLifeLeader"", ""target"": ""_blank"", ""rel"": ""noopener""}}",Src/Portfolio_Core/Portfolio/Pages/Index.cshtml; original section/anchor,Retained in original page,R01/R03; owner disconnect-PDF instruction; docs/2026/10/08-owner-decisions.md,Source/anchor/reference comparison; final HTTP verification recorded separately
PAGE-Index-ELEMENT-004,/; line 9,"{""tag"": ""img"", ""line"": 9, ""attributes"": {""class"": ""img-fluid rounded shadow"", ""src"": ""~/content/images/fbMichael_B_Carey.jpg"", ""title"": ""Michael B. Carey"", ""alt"": ""Michael B. Carey"", ""style"": ""max-width: 180px;""}}",Src/Portfolio_Core/Portfolio/Pages/Index.cshtml; original section/anchor,Route/template/behavior retained; page additions mapped separately,R01/R03; owner disconnect-PDF instruction; docs/2026/10/08-owner-decisions.md,Source/anchor/reference comparison; final HTTP verification recorded separately
PAGE-Projects-FamilyKey,/Projects/FamilyKey,Aliases: /Projects/FamilyKey,Src/Portfolio_Core/Portfolio/Pages/Projects/FamilyKey.cshtml; original section/anchor,Route/template/behavior retained; page additions mapped separately,R06; docs/2026/10/08-owner-decisions.md,Source/anchor/reference comparison; final HTTP verification recorded separately
PAGE-Projects-FamilyKey-VALUE-001,/Projects/FamilyKey; line 4,Family Key,Src/Portfolio_Core/Portfolio/Pages/Projects/FamilyKey.cshtml; original section/anchor,Retained in original page,R06; docs/2026/10/08-owner-decisions.md,Source/anchor/reference comparison; final HTTP verification recorded separately
PAGE-Projects-FamilyKey-TEXT-001,/Projects/FamilyKey; Introduction; line 7,"@ViewData[""Title""]",Src/Portfolio_Core/Portfolio/Pages/Projects/FamilyKey.cshtml; original section/anchor,Retained in original page,R06; docs/2026/10/08-owner-decisions.md,Source/anchor/reference comparison; final HTTP verification recorded separately
PAGE-Projects-FamilyKey-TEXT-002,/Projects/FamilyKey; Introduction; line 8,"@ViewData[""Message""]",Src/Portfolio_Core/Portfolio/Pages/Projects/FamilyKey.cshtml; original section/anchor,Retained in original page,R06; docs/2026/10/08-owner-decisions.md,Source/anchor/reference comparison; final HTTP verification recorded separately
PAGE-Projects-FamilyKey-TEXT-003,/Projects/FamilyKey; Genealogy and Family History Presentation; line 12,Genealogy and Family History Presentation,Src/Portfolio_Core/Portfolio/Pages/Projects/FamilyKey.cshtml; original section/anchor,Retained in original page,R06; docs/2026/10/08-owner-decisions.md,Source/anchor/reference comparison; final HTTP verification recorded separately
PAGE-Projects-FamilyKey-TEXT-004,/Projects/FamilyKey; Genealogy and Family History Presentation; line 13,"The Family Key project was developed as a partnership under Kumusoft, LLC in 2002 to be a hosted genealogical site for people’s family history. The idea was to provide rich media and family stories of ancestors and enabling services, such as Google, to be able to index the content for these family members seeking to publish their family’s history. Sadly there was a failure in the partnership and the company dissolved leaving us with nothing.",Src/Portfolio_Core/Portfolio/Pages/Projects/FamilyKey.cshtml; original section/anchor,Owner-confirmed revision; original retained in fixed baseline,R06; docs/2026/10/08-owner-decisions.md,Source/anchor/reference comparison; final HTTP verification recorded separately
PAGE-Projects-FamilyKey-TEXT-005,/Projects/FamilyKey; Genealogy and Family History Presentation; line 19,Some of the Technologies utilized in its development:,Src/Portfolio_Core/Portfolio/Pages/Projects/FamilyKey.cshtml; original section/anchor,Retained in original page,R06; docs/2026/10/08-owner-decisions.md,Source/anchor/reference comparison; final HTTP verification recorded separately
PAGE-Projects-FamilyKey-TEXT-006,/Projects/FamilyKey; Genealogy and Family History Presentation; line 22,"C#.NET, Webforms, ASP.NET",Src/Portfolio_Core/Portfolio/Pages/Projects/FamilyKey.cshtml; original section/anchor,Retained in original page,R06; docs/2026/10/08-owner-decisions.md,Source/anchor/reference comparison; final HTTP verification recorded separately
PAGE-Projects-FamilyKey-TEXT-007,/Projects/FamilyKey; Genealogy and Family History Presentation; line 23,IIS,Src/Portfolio_Core/Portfolio/Pages/Projects/FamilyKey.cshtml; original section/anchor,Retained in original page,R06; docs/2026/10/08-owner-decisions.md,Source/anchor/reference comparison; final HTTP verification recorded separately
PAGE-Projects-FamilyKey-TEXT-008,/Projects/FamilyKey; Genealogy and Family History Presentation; line 24,SQL,Src/Portfolio_Core/Portfolio/Pages/Projects/FamilyKey.cshtml; original section/anchor,Retained in original page,R06; docs/2026/10/08-owner-decisions.md,Source/anchor/reference comparison; final HTTP verification recorded separately
PAGE-Projects-FamilyKey-TEXT-009,/Projects/FamilyKey; Genealogy and Family History Presentation; line 27,Family Key is no longer an active product or being hosted on any public servers at this time.,Src/Portfolio_Core/Portfolio/Pages/Projects/FamilyKey.cshtml; original section/anchor,Retained in original page,R06; docs/2026/10/08-owner-decisions.md,Source/anchor/reference comparison; final HTTP verification recorded separately
PAGE-Projects-FamilyKey-BEHAVIOR,/Projects/FamilyKey,Full Razor source captured in baseline-source.json,Src/Portfolio_Core/Portfolio/Pages/Projects/FamilyKey.cshtml; original section/anchor,Route/template/behavior retained; page additions mapped separately,R06; docs/2026/10/08-owner-decisions.md,Source/anchor/reference comparison; final HTTP verification recorded separately
PAGE-Projects-Index,/Projects,"Aliases: /Projects, /Projects/Index",Src/Portfolio_Core/Portfolio/Pages/Projects/Index.cshtml; original section/anchor,Route/template/behavior retained; page additions mapped separately,R06; approved E01–E52; docs/2026/10/08-owner-decisions.md,Source/anchor/reference comparison; final HTTP verification recorded separately
PAGE-Projects-Index-VALUE-001,/Projects; line 4,Projects,Src/Portfolio_Core/Portfolio/Pages/Projects/Index.cshtml; original section/anchor,Retained in original page,R06; approved E01–E52; docs/2026/10/08-owner-decisions.md,Source/anchor/reference comparison; final HTTP verification recorded separately
PAGE-Projects-Index-COMMENT-001,/Projects; line 30,"@* <a class=""btn btn-info btn-site"" asp-area="""" asp-page=""/Projects/LDSTS"">Learn more >></a>*@",Src/Portfolio_Core/Portfolio/Pages/Projects/Index.cshtml; original section/anchor,Retained in original page,R06; approved E01–E52; docs/2026/10/08-owner-decisions.md,Source/anchor/reference comparison; final HTTP verification recorded separately
PAGE-Projects-Index-COMMENT-002,/Projects; line 62,"@* <a class=""btn btn-info btn-site"" asp-area="""" asp-page=""/Projects/WordPress"">Learn more >></a>*@",Src/Portfolio_Core/Portfolio/Pages/Projects/Index.cshtml; original section/anchor,Retained in original page,R06; approved E01–E52; docs/2026/10/08-owner-decisions.md,Source/anchor/reference comparison; final HTTP verification recorded separately
PAGE-Projects-Index-COMMENT-003,/Projects; line 106,"@* <a class=""btn btn-info btn-site"" asp-area="""" asp-page=""/Projects/Swipeclock"">Learn more >></a>*@",Src/Portfolio_Core/Portfolio/Pages/Projects/Index.cshtml; original section/anchor,Retained in original page,R06; approved E01–E52; docs/2026/10/08-owner-decisions.md,Source/anchor/reference comparison; final HTTP verification recorded separately
PAGE-Projects-Index-COMMENT-004,/Projects; line 129,"@* <a class=""btn btn-info btn-site"" asp-area="""" asp-page=""/Projects/ServicesSync"">Learn more >></a>*@",Src/Portfolio_Core/Portfolio/Pages/Projects/Index.cshtml; original section/anchor,Retained in original page,R06; approved E01–E52; docs/2026/10/08-owner-decisions.md,Source/anchor/reference comparison; final HTTP verification recorded separately
PAGE-Projects-Index-COMMENT-005,/Projects; line 139,"@* <a class=""btn btn-info btn-site"" asp-area="""" asp-page=""/Projects/Various"">Learn more >></a>*@",Src/Portfolio_Core/Portfolio/Pages/Projects/Index.cshtml; original section/anchor,Retained in original page,R06; approved E01–E52; docs/2026/10/08-owner-decisions.md,Source/anchor/reference comparison; final HTTP verification recorded separately
PAGE-Projects-Index-TEXT-001,/Projects; Introduction; line 7,"@ViewData[""Title""]",Src/Portfolio_Core/Portfolio/Pages/Projects/Index.cshtml; original section/anchor,Retained in original page,R06; approved E01–E52; docs/2026/10/08-owner-decisions.md,Source/anchor/reference comparison; final HTTP verification recorded separately
PAGE-Projects-Index-TEXT-002,/Projects; Introduction; line 8,"@ViewData[""Message""]",Src/Portfolio_Core/Portfolio/Pages/Projects/Index.cshtml; original section/anchor,Retained in original page,R06; approved E01–E52; docs/2026/10/08-owner-decisions.md,Source/anchor/reference comparison; final HTTP verification recorded separately
PAGE-Projects-Index-TEXT-003,/Projects; Azure Services - Academy Mortgage; line 12,Azure Services - Academy Mortgage,Src/Portfolio_Core/Portfolio/Pages/Projects/Index.cshtml; original section/anchor,Retained in original page,R06; approved E01–E52; docs/2026/10/08-owner-decisions.md,Source/anchor/reference comparison; final HTTP verification recorded separately
PAGE-Projects-Index-TEXT-004,/Projects; Azure Services - Academy Mortgage; line 13,This project is to highlight work that I did for Academy Mortgage and covers multiple Azure based Services. The following examples and descriptions will cover work related to the development of custom API and Azure applications and services.,Src/Portfolio_Core/Portfolio/Pages/Projects/Index.cshtml; original section/anchor,Retained in original page,R06; approved E01–E52; docs/2026/10/08-owner-decisions.md,Source/anchor/reference comparison; final HTTP verification recorded separately
PAGE-Projects-Index-TEXT-005,/Projects; Azure Services - Academy Mortgage; line 17,Learn more >>,Src/Portfolio_Core/Portfolio/Pages/Projects/Index.cshtml; original section/anchor,Retained in original page,R06; approved E01–E52; docs/2026/10/08-owner-decisions.md,Source/anchor/reference comparison; final HTTP verification recorded separately
PAGE-Projects-Index-TEXT-006,/Projects; Translation Support; line 22,Translation Support,Src/Portfolio_Core/Portfolio/Pages/Projects/Index.cshtml; original section/anchor,Retained in original page,R06; approved E01–E52; docs/2026/10/08-owner-decisions.md,Source/anchor/reference comparison; final HTTP verification recorded separately
PAGE-Projects-Index-TEXT-007,/Projects; Translation Support; line 23,"In this project I was a contractor supporting primarily in the area of Quality Assurance and Automation for translation services for the Church of Jesus Christ of Latter-day Saints. This project was primarily plugins for the Trados software suite and customized workflows through WorldServer, a translation management system. I helped support the translation of materials for the church in over 100 languages.",Src/Portfolio_Core/Portfolio/Pages/Projects/Index.cshtml; original section/anchor,Retained in original page,R06; approved E01–E52; docs/2026/10/08-owner-decisions.md,Source/anchor/reference comparison; final HTTP verification recorded separately
PAGE-Projects-Index-TEXT-009,/Projects; DevOps - Academy Mortgage; line 33,DevOps - Academy Mortgage,Src/Portfolio_Core/Portfolio/Pages/Projects/Index.cshtml; original section/anchor,Retained in original page,R06; approved E01–E52; docs/2026/10/08-owner-decisions.md,Source/anchor/reference comparison; final HTTP verification recorded separately
PAGE-Projects-Index-TEXT-010,/Projects; DevOps - Academy Mortgage; line 34,This project focused on setting up and configuring Azure DevOps for Academy Mortgage. I leveraged my experience as a DevOps Engineer and manager to help Academy Mortgage set up their DevOps environment and processes.,Src/Portfolio_Core/Portfolio/Pages/Projects/Index.cshtml; original section/anchor,Retained in original page,R06; approved E01–E52; docs/2026/10/08-owner-decisions.md,Source/anchor/reference comparison; final HTTP verification recorded separately
PAGE-Projects-Index-TEXT-011,/Projects; DevOps - Academy Mortgage; line 38,Learn more >>,Src/Portfolio_Core/Portfolio/Pages/Projects/Index.cshtml; original section/anchor,Retained in original page,R06; approved E01–E52; docs/2026/10/08-owner-decisions.md,Source/anchor/reference comparison; final HTTP verification recorded separately
PAGE-Projects-Index-TEXT-012,/Projects; Encompass - Academy Mortgage; line 45,Encompass - Academy Mortgage,Src/Portfolio_Core/Portfolio/Pages/Projects/Index.cshtml; original section/anchor,Retained in original page,R06; approved E01–E52; docs/2026/10/08-owner-decisions.md,Source/anchor/reference comparison; final HTTP verification recorded separately
PAGE-Projects-Index-TEXT-013,/Projects; Encompass - Academy Mortgage; line 46,This project focused on Loan Origination for mortgages and utilized an application developed by Ellie Mae. The work performed for Academy was focused on the customization of the features and functionality surrounding the use of the Encompass software designed for assisting loan officers and underwriters the ability to validate and originate loans for individuals seeking to purchase properties.,Src/Portfolio_Core/Portfolio/Pages/Projects/Index.cshtml; original section/anchor,Retained in original page,R06; approved E01–E52; docs/2026/10/08-owner-decisions.md,Source/anchor/reference comparison; final HTTP verification recorded separately
PAGE-Projects-Index-TEXT-014,/Projects; Encompass - Academy Mortgage; line 51,Learn more >>,Src/Portfolio_Core/Portfolio/Pages/Projects/Index.cshtml; original section/anchor,Retained in original page,R06; approved E01–E52; docs/2026/10/08-owner-decisions.md,Source/anchor/reference comparison; final HTTP verification recorded separately
PAGE-Projects-Index-TEXT-015,/Projects; Various WordPress Sites; line 56,Various WordPress Sites,Src/Portfolio_Core/Portfolio/Pages/Projects/Index.cshtml; original section/anchor,Retained in original page,R06; approved E01–E52; docs/2026/10/08-owner-decisions.md,Source/anchor/reference comparison; final HTTP verification recorded separately
PAGE-Projects-Index-TEXT-016,/Projects; Various WordPress Sites; line 57,"This has been various small projects helping to implement and support various WordPress sites. This included maintenance, updates, and some custom development for the sites.",Src/Portfolio_Core/Portfolio/Pages/Projects/Index.cshtml; original section/anchor,Retained in original page,R06; approved E01–E52; docs/2026/10/08-owner-decisions.md,Source/anchor/reference comparison; final HTTP verification recorded separately
PAGE-Projects-Index-TEXT-018,/Projects; AdverTran - Carey and Associates; line 66,AdverTran - Carey and Associates,Src/Portfolio_Core/Portfolio/Pages/Projects/Index.cshtml; original section/anchor,Retained in original page,R06; approved E01–E52; docs/2026/10/08-owner-decisions.md,Source/anchor/reference comparison; final HTTP verification recorded separately
PAGE-Projects-Index-TEXT-019,/Projects; AdverTran - Carey and Associates; line 67,This was a collaborative project that I started and began development of in 2007. It's use was for the creating and managing playlists for onscreen advertising in theaters or other locations for digital media and content advertising.,Src/Portfolio_Core/Portfolio/Pages/Projects/Index.cshtml; original section/anchor,Retained in original page,R06; approved E01–E52; docs/2026/10/08-owner-decisions.md,Source/anchor/reference comparison; final HTTP verification recorded separately
PAGE-Projects-Index-TEXT-020,/Projects; AdverTran - Carey and Associates; line 71,Learn more >>,Src/Portfolio_Core/Portfolio/Pages/Projects/Index.cshtml; original section/anchor,Retained in original page,R06; approved E01–E52; docs/2026/10/08-owner-decisions.md,Source/anchor/reference comparison; final HTTP verification recorded separately
PAGE-Projects-Index-TEXT-021,/Projects; MLMLinkup; line 78,MLMLinkup,Src/Portfolio_Core/Portfolio/Pages/Projects/Index.cshtml; original section/anchor,Retained in original page,R06; approved E01–E52; docs/2026/10/08-owner-decisions.md,Source/anchor/reference comparison; final HTTP verification recorded separately
PAGE-Projects-Index-TEXT-022,/Projects; MLMLinkup; line 79,"This project is one that I personally developed in 2016 using C#.NET, MVC, Bootstrap, and other available libraries. Its primary purpose was to help me learn the ins and outs of UI development specifically utilizing Bootstrap for the beautification and usability of the site. This is an ongoing project.",Src/Portfolio_Core/Portfolio/Pages/Projects/Index.cshtml; original section/anchor,Retained in original page,R06; approved E01–E52; docs/2026/10/08-owner-decisions.md,Source/anchor/reference comparison; final HTTP verification recorded separately
PAGE-Projects-Index-TEXT-023,/Projects; MLMLinkup; line 84,Learn more >>,Src/Portfolio_Core/Portfolio/Pages/Projects/Index.cshtml; original section/anchor,Retained in original page,R06; approved E01–E52; docs/2026/10/08-owner-decisions.md,Source/anchor/reference comparison; final HTTP verification recorded separately
PAGE-Projects-Index-TEXT-024,/Projects; Family Key; line 89,Family Key,Src/Portfolio_Core/Portfolio/Pages/Projects/Index.cshtml; original section/anchor,Retained in original page,R06; approved E01–E52; docs/2026/10/08-owner-decisions.md,Source/anchor/reference comparison; final HTTP verification recorded separately
PAGE-Projects-Index-TEXT-025,/Projects; Family Key; line 90,"The Family Key project was developed as a partnership under Kumusoft, LLC. This project was originally designed to host genealogical data that would allow search engines to search for your data and help you in our family quest to find your ancestors. The development for this project started before 2001 and expanded about the time I came on board. Sadly, the project was terminated in 2005 and never went live.",Src/Portfolio_Core/Portfolio/Pages/Projects/Index.cshtml; original section/anchor,Owner-confirmed revision; original retained in fixed baseline,R06; approved E01–E52; docs/2026/10/08-owner-decisions.md,Source/anchor/reference comparison; final HTTP verification recorded separately
PAGE-Projects-Index-TEXT-026,/Projects; Family Key; line 95,Learn more >>,Src/Portfolio_Core/Portfolio/Pages/Projects/Index.cshtml; original section/anchor,Retained in original page,R06; approved E01–E52; docs/2026/10/08-owner-decisions.md,Source/anchor/reference comparison; final HTTP verification recorded separately
PAGE-Projects-Index-TEXT-027,/Projects; Swipeclock - Timekeeping and Payroll; line 100,Swipeclock - Timekeeping and Payroll,Src/Portfolio_Core/Portfolio/Pages/Projects/Index.cshtml; original section/anchor,Retained in original page,R06; approved E01–E52; docs/2026/10/08-owner-decisions.md,Source/anchor/reference comparison; final HTTP verification recorded separately
PAGE-Projects-Index-TEXT-028,/Projects; Swipeclock - Timekeeping and Payroll; line 101,I was a part of a team that supported the Swipeclock application for timekeeping and payroll. This was a full stack development project supporting mid-sized companies in their timekeeping and payroll needs.,Src/Portfolio_Core/Portfolio/Pages/Projects/Index.cshtml; original section/anchor,Retained in original page,R06; approved E01–E52; docs/2026/10/08-owner-decisions.md,Source/anchor/reference comparison; final HTTP verification recorded separately
PAGE-Projects-Index-TEXT-030,/Projects; Redhead Mobile Apps; line 112,Redhead Mobile Apps,Src/Portfolio_Core/Portfolio/Pages/Projects/Index.cshtml; original section/anchor,Retained in original page,R06; approved E01–E52; docs/2026/10/08-owner-decisions.md,Source/anchor/reference comparison; final HTTP verification recorded separately
PAGE-Projects-Index-TEXT-031,/Projects; Redhead Mobile Apps; line 113,"This project is based on a request by Redhead Mobile Apps to improve the user experience for their customers. This is a full stack development project includes both a web dashboard, using Bootstrap, and a Web API service that drives the data for the mobile application.",Src/Portfolio_Core/Portfolio/Pages/Projects/Index.cshtml; original section/anchor,Retained in original page,R06; approved E01–E52; docs/2026/10/08-owner-decisions.md,Source/anchor/reference comparison; final HTTP verification recorded separately
PAGE-Projects-Index-TEXT-032,/Projects; Redhead Mobile Apps; line 117,Learn more >>,Src/Portfolio_Core/Portfolio/Pages/Projects/Index.cshtml; original section/anchor,Retained in original page,R06; approved E01–E52; docs/2026/10/08-owner-decisions.md,Source/anchor/reference comparison; final HTTP verification recorded separately
PAGE-Projects-Index-TEXT-033,/Projects; Membership Data Sync; line 122,Membership Data Sync,Src/Portfolio_Core/Portfolio/Pages/Projects/Index.cshtml; original section/anchor,Retained in original page,R06; approved E01–E52; docs/2026/10/08-owner-decisions.md,Source/anchor/reference comparison; final HTTP verification recorded separately
PAGE-Projects-Index-TEXT-034,/Projects; Membership Data Sync; line 123,This project was to replace a direct SQL Database connection with a Web API service that would allow for the synchronization of membership data between two different systems. This project was developed using C#.NET and Web API with a windows service.,Src/Portfolio_Core/Portfolio/Pages/Projects/Index.cshtml; original section/anchor,Retained in original page,R06; approved E01–E52; docs/2026/10/08-owner-decisions.md,Source/anchor/reference comparison; final HTTP verification recorded separately
PAGE-Projects-Index-TEXT-036,/Projects; Various Jobs and Projects; line 133,Various Jobs and Projects,Src/Portfolio_Core/Portfolio/Pages/Projects/Index.cshtml; original section/anchor,Retained in original page,R06; approved E01–E52; docs/2026/10/08-owner-decisions.md,Source/anchor/reference comparison; final HTTP verification recorded separately
PAGE-Projects-Index-TEXT-037,/Projects; Various Jobs and Projects; line 134,Throughout my career I have had the opportunity to work on many different projects and jobs that varied in size and scope. My abilities to adapt and learn quickly have helped me to be successful in many of these projects.,Src/Portfolio_Core/Portfolio/Pages/Projects/Index.cshtml; original section/anchor,Retained in original page,R06; approved E01–E52; docs/2026/10/08-owner-decisions.md,Source/anchor/reference comparison; final HTTP verification recorded separately
PAGE-Projects-Index-REF-001,/Projects; line 18,"{""line"": 18, ""tag"": ""a"", ""attribute"": ""asp-page"", ""target"": ""/Projects/AzureServices"", ""attributes"": {""class"": ""btn btn-info btn-site"", ""asp-area"": """", ""asp-page"": ""/Projects/AzureServices""}}",Src/Portfolio_Core/Portfolio/Pages/Projects/Index.cshtml; original section/anchor,Retained in original page,R06; approved E01–E52; docs/2026/10/08-owner-decisions.md,Source/anchor/reference comparison; final HTTP verification recorded separately
PAGE-Projects-Index-REF-002,/Projects; line 39,"{""line"": 39, ""tag"": ""a"", ""attribute"": ""asp-page"", ""target"": ""/Skills/DevOps"", ""attributes"": {""class"": ""btn btn-info btn-site"", ""asp-area"": """", ""asp-page"": ""/Skills/DevOps""}}",Src/Portfolio_Core/Portfolio/Pages/Projects/Index.cshtml; original section/anchor,Retained in original page,R06; approved E01–E52; docs/2026/10/08-owner-decisions.md,Source/anchor/reference comparison; final HTTP verification recorded separately
PAGE-Projects-Index-REF-003,/Projects; line 52,"{""line"": 52, ""tag"": ""a"", ""attribute"": ""asp-page"", ""target"": ""/Projects/Encompass"", ""attributes"": {""class"": ""btn btn-info btn-site"", ""asp-area"": """", ""asp-page"": ""/Projects/Encompass""}}",Src/Portfolio_Core/Portfolio/Pages/Projects/Index.cshtml; original section/anchor,Retained in original page,R06; approved E01–E52; docs/2026/10/08-owner-decisions.md,Source/anchor/reference comparison; final HTTP verification recorded separately
PAGE-Projects-Index-REF-004,/Projects; line 72,"{""line"": 72, ""tag"": ""a"", ""attribute"": ""asp-page"", ""target"": ""/Projects/AdverTran"", ""attributes"": {""class"": ""btn btn-info btn-site"", ""asp-area"": """", ""asp-page"": ""/Projects/AdverTran""}}",Src/Portfolio_Core/Portfolio/Pages/Projects/Index.cshtml; original section/anchor,Retained in original page,R06; approved E01–E52; docs/2026/10/08-owner-decisions.md,Source/anchor/reference comparison; final HTTP verification recorded separately
PAGE-Projects-Index-REF-005,/Projects; line 85,"{""line"": 85, ""tag"": ""a"", ""attribute"": ""asp-page"", ""target"": ""/Projects/MlmLinkup"", ""attributes"": {""class"": ""btn btn-info btn-site"", ""asp-area"": """", ""asp-page"": ""/Projects/MlmLinkup""}}",Src/Portfolio_Core/Portfolio/Pages/Projects/Index.cshtml; original section/anchor,Retained in original page,R06; approved E01–E52; docs/2026/10/08-owner-decisions.md,Source/anchor/reference comparison; final HTTP verification recorded separately
PAGE-Projects-Index-REF-006,/Projects; line 96,"{""line"": 96, ""tag"": ""a"", ""attribute"": ""asp-page"", ""target"": ""/Projects/FamilyKey"", ""attributes"": {""class"": ""btn btn-info btn-site"", ""asp-area"": """", ""asp-page"": ""/Projects/FamilyKey""}}",Src/Portfolio_Core/Portfolio/Pages/Projects/Index.cshtml; original section/anchor,Retained in original page,R06; approved E01–E52; docs/2026/10/08-owner-decisions.md,Source/anchor/reference comparison; final HTTP verification recorded separately
PAGE-Projects-Index-REF-007,/Projects; line 118,"{""line"": 118, ""tag"": ""a"", ""attribute"": ""asp-page"", ""target"": ""/Projects/RedheadMobile"", ""attributes"": {""class"": ""btn btn-info btn-site"", ""asp-area"": """", ""asp-page"": ""/Projects/RedheadMobile""}}",Src/Portfolio_Core/Portfolio/Pages/Projects/Index.cshtml; original section/anchor,Retained in original page,R06; approved E01–E52; docs/2026/10/08-owner-decisions.md,Source/anchor/reference comparison; final HTTP verification recorded separately
PAGE-Projects-Index-BEHAVIOR,/Projects,Full Razor source captured in baseline-source.json,Src/Portfolio_Core/Portfolio/Pages/Projects/Index.cshtml; original section/anchor,Route/template/behavior retained; page additions mapped separately,R06; approved E01–E52; docs/2026/10/08-owner-decisions.md,Source/anchor/reference comparison; final HTTP verification recorded separately
PAGE-Shared-_Layout,Shared template: Shared/_Layout,Shared/_Layout,Src/Portfolio_Core/Portfolio/Pages/Shared/_Layout.cshtml; original section/anchor,Route/template/behavior retained; page additions mapped separately,Approved accomplishments navigation; docs/2026/10/08-owner-decisions.md,Source/anchor/reference comparison; final HTTP verification recorded separately
PAGE-Shared-_Layout-TEXT-001,Shared template: Shared/_Layout; Introduction; line 6,"@ViewData[""Title""] - Michael's ePortfolio",Src/Portfolio_Core/Portfolio/Pages/Shared/_Layout.cshtml; original section/anchor,Retained in original page,Approved accomplishments navigation; docs/2026/10/08-owner-decisions.md,Source/anchor/reference comparison; final HTTP verification recorded separately
PAGE-Shared-_Layout-TEXT-002,Shared template: Shared/_Layout; Introduction; line 29,Michael Carey,Src/Portfolio_Core/Portfolio/Pages/Shared/_Layout.cshtml; original section/anchor,Retained in original page,Approved accomplishments navigation; docs/2026/10/08-owner-decisions.md,Source/anchor/reference comparison; final HTTP verification recorded separately
PAGE-Shared-_Layout-TEXT-004,Shared template: Shared/_Layout; Introduction; line 36,Experience,Src/Portfolio_Core/Portfolio/Pages/Shared/_Layout.cshtml; original section/anchor,Retained in original page,Approved accomplishments navigation; docs/2026/10/08-owner-decisions.md,Source/anchor/reference comparison; final HTTP verification recorded separately
PAGE-Shared-_Layout-TEXT-005,Shared template: Shared/_Layout; Introduction; line 39,About Me,Src/Portfolio_Core/Portfolio/Pages/Shared/_Layout.cshtml; original section/anchor,Retained in original page,Approved accomplishments navigation; docs/2026/10/08-owner-decisions.md,Source/anchor/reference comparison; final HTTP verification recorded separately
PAGE-Shared-_Layout-TEXT-006,Shared template: Shared/_Layout; Introduction; line 42,Education,Src/Portfolio_Core/Portfolio/Pages/Shared/_Layout.cshtml; original section/anchor,Retained in original page,Approved accomplishments navigation; docs/2026/10/08-owner-decisions.md,Source/anchor/reference comparison; final HTTP verification recorded separately
PAGE-Shared-_Layout-TEXT-007,Shared template: Shared/_Layout; Introduction; line 45,WorkHistory,Src/Portfolio_Core/Portfolio/Pages/Shared/_Layout.cshtml; original section/anchor,Retained in original page,Approved accomplishments navigation; docs/2026/10/08-owner-decisions.md,Source/anchor/reference comparison; final HTTP verification recorded separately
PAGE-Shared-_Layout-TEXT-008,Shared template: Shared/_Layout; Introduction; line 50,Projects A Game - ASP.NET AdverTran - ASP.NET Azure Services Encompass FamilyKey - Web Forms Fun Projects MlmLinkup - ASP.NET Solarian League - Blazor Redhead Mobile - API / Mobile Various Example Projects,Src/Portfolio_Core/Portfolio/Pages/Shared/_Layout.cshtml; original section/anchor,Retained in original page,Approved accomplishments navigation; docs/2026/10/08-owner-decisions.md,Source/anchor/reference comparison; final HTTP verification recorded separately
PAGE-Shared-_Layout-TEXT-009,Shared template: Shared/_Layout; Introduction; line 65,College Cit261 Cs313 Cs364,Src/Portfolio_Core/Portfolio/Pages/Shared/_Layout.cshtml; original section/anchor,Retained in original page,Approved accomplishments navigation; docs/2026/10/08-owner-decisions.md,Source/anchor/reference comparison; final HTTP verification recorded separately
PAGE-Shared-_Layout-TEXT-010,Shared template: Shared/_Layout; Introduction; line 73,Skills Leadership Technologies,Src/Portfolio_Core/Portfolio/Pages/Shared/_Layout.cshtml; original section/anchor,Retained in original page,Approved accomplishments navigation; docs/2026/10/08-owner-decisions.md,Source/anchor/reference comparison; final HTTP verification recorded separately
PAGE-Shared-_Layout-TEXT-011,Shared template: Shared/_Layout; Introduction; line 80,Git,Src/Portfolio_Core/Portfolio/Pages/Shared/_Layout.cshtml; original section/anchor,Retained in original page,Approved accomplishments navigation; docs/2026/10/08-owner-decisions.md,Source/anchor/reference comparison; final HTTP verification recorded separately
PAGE-Shared-_Layout-TEXT-012,Shared template: Shared/_Layout; Introduction; line 83,Contact,Src/Portfolio_Core/Portfolio/Pages/Shared/_Layout.cshtml; original section/anchor,Retained in original page,Approved accomplishments navigation; docs/2026/10/08-owner-decisions.md,Source/anchor/reference comparison; final HTTP verification recorded separately
PAGE-Shared-_Layout-TEXT-013,Shared template: Shared/_Layout; Introduction; line 86,Tribute,Src/Portfolio_Core/Portfolio/Pages/Shared/_Layout.cshtml; original section/anchor,Retained in original page,Approved accomplishments navigation; docs/2026/10/08-owner-decisions.md,Source/anchor/reference comparison; final HTTP verification recorded separately
PAGE-Shared-_Layout-TEXT-014,Shared template: Shared/_Layout; Introduction; line 91,Dark Mode,Src/Portfolio_Core/Portfolio/Pages/Shared/_Layout.cshtml; original section/anchor,Retained in original page,Approved accomplishments navigation; docs/2026/10/08-owner-decisions.md,Source/anchor/reference comparison; final HTTP verification recorded separately
PAGE-Shared-_Layout-TEXT-015,Shared template: Shared/_Layout; Introduction; line 100,@RenderBody(),Src/Portfolio_Core/Portfolio/Pages/Shared/_Layout.cshtml; original section/anchor,Retained in original page,Approved accomplishments navigation; docs/2026/10/08-owner-decisions.md,Source/anchor/reference comparison; final HTTP verification recorded separately
PAGE-Shared-_Layout-TEXT-016,Shared template: Shared/_Layout; Introduction; line 104,© @DateTime.UtcNow.Year - Michael Carey,Src/Portfolio_Core/Portfolio/Pages/Shared/_Layout.cshtml; original section/anchor,Retained in original page,Approved accomplishments navigation; docs/2026/10/08-owner-decisions.md,Source/anchor/reference comparison; final HTTP verification recorded separately
PAGE-Shared-_Layout-TEXT-017,Shared template: Shared/_Layout; Introduction; line 134,"@RenderSection(""Scripts"", required: false)",Src/Portfolio_Core/Portfolio/Pages/Shared/_Layout.cshtml; original section/anchor,Retained in original page,Approved accomplishments navigation; docs/2026/10/08-owner-decisions.md,Source/anchor/reference comparison; final HTTP verification recorded separately
PAGE-Shared-_Layout-REF-001,Shared template: Shared/_Layout; line 18,"{""line"": 18, ""tag"": ""link"", ""attribute"": ""href"", ""target"": ""~/lib/bootstrap/css/bootstrap.min.css"", ""attributes"": {""rel"": ""stylesheet"", ""href"": ""~/lib/bootstrap/css/bootstrap.min.css""}}",Src/Portfolio_Core/Portfolio/Pages/Shared/_Layout.cshtml; original section/anchor,Retained in original page,Approved accomplishments navigation; docs/2026/10/08-owner-decisions.md,Source/anchor/reference comparison; final HTTP verification recorded separately
PAGE-Shared-_Layout-REF-002,Shared template: Shared/_Layout; line 19,"{""line"": 19, ""tag"": ""link"", ""attribute"": ""href"", ""target"": ""~/css/site.css"", ""attributes"": {""rel"": ""stylesheet"", ""href"": ""~/css/site.css"", ""asp-append-version"": ""true""}}",Src/Portfolio_Core/Portfolio/Pages/Shared/_Layout.cshtml; original section/anchor,Retained in original page,Approved accomplishments navigation; docs/2026/10/08-owner-decisions.md,Source/anchor/reference comparison; final HTTP verification recorded separately
PAGE-Shared-_Layout-REF-003,Shared template: Shared/_Layout; line 20,"{""line"": 20, ""tag"": ""link"", ""attribute"": ""href"", ""target"": ""~/Portfolio.styles.css"", ""attributes"": {""rel"": ""stylesheet"", ""href"": ""~/Portfolio.styles.css"", ""asp-append-version"": ""true""}}",Src/Portfolio_Core/Portfolio/Pages/Shared/_Layout.cshtml; original section/anchor,Retained in original page,Approved accomplishments navigation; docs/2026/10/08-owner-decisions.md,Source/anchor/reference comparison; final HTTP verification recorded separately
PAGE-Shared-_Layout-REF-004,Shared template: Shared/_Layout; line 29,"{""line"": 29, ""tag"": ""a"", ""attribute"": ""asp-page"", ""target"": ""/Index"", ""attributes"": {""class"": ""navbar-brand text-white"", ""asp-area"": """", ""asp-page"": ""/Index""}}",Src/Portfolio_Core/Portfolio/Pages/Shared/_Layout.cshtml; original section/anchor,Retained in original page,Approved accomplishments navigation; docs/2026/10/08-owner-decisions.md,Source/anchor/reference comparison; final HTTP verification recorded separately
PAGE-Shared-_Layout-REF-005,Shared template: Shared/_Layout; line 37,"{""line"": 37, ""tag"": ""a"", ""attribute"": ""href"", ""target"": ""#"", ""attributes"": {""class"": ""nav-link dropdown-toggle text-white"", ""href"": ""#"", ""id"": ""ExperienceDropDown"", ""role"": ""button"", ""data-bs-toggle"": ""dropdown"", ""aria-expanded"": ""false""}}",Src/Portfolio_Core/Portfolio/Pages/Shared/_Layout.cshtml; original section/anchor,Retained in original page,Approved accomplishments navigation; docs/2026/10/08-owner-decisions.md,Source/anchor/reference comparison; final HTTP verification recorded separately
PAGE-Shared-_Layout-REF-006,Shared template: Shared/_Layout; line 40,"{""line"": 40, ""tag"": ""a"", ""attribute"": ""asp-page"", ""target"": ""/AboutMe"", ""attributes"": {""class"": ""dropdown-item text-light"", ""asp-area"": """", ""asp-page"": ""/AboutMe""}}",Src/Portfolio_Core/Portfolio/Pages/Shared/_Layout.cshtml; original section/anchor,Retained in original page,Approved accomplishments navigation; docs/2026/10/08-owner-decisions.md,Source/anchor/reference comparison; final HTTP verification recorded separately
PAGE-Shared-_Layout-REF-007,Shared template: Shared/_Layout; line 43,"{""line"": 43, ""tag"": ""a"", ""attribute"": ""asp-page"", ""target"": ""/Experience/Education"", ""attributes"": {""class"": ""dropdown-item text-light"", ""asp-area"": """", ""asp-page"": ""/Experience/Education""}}",Src/Portfolio_Core/Portfolio/Pages/Shared/_Layout.cshtml; original section/anchor,Retained in original page,Approved accomplishments navigation; docs/2026/10/08-owner-decisions.md,Source/anchor/reference comparison; final HTTP verification recorded separately
PAGE-Shared-_Layout-REF-008,Shared template: Shared/_Layout; line 46,"{""line"": 46, ""tag"": ""a"", ""attribute"": ""asp-page"", ""target"": ""/Experience/WorkHistory"", ""attributes"": {""class"": ""dropdown-item text-light"", ""asp-area"": """", ""asp-page"": ""/Experience/WorkHistory""}}",Src/Portfolio_Core/Portfolio/Pages/Shared/_Layout.cshtml; original section/anchor,Retained in original page,Approved accomplishments navigation; docs/2026/10/08-owner-decisions.md,Source/anchor/reference comparison; final HTTP verification recorded separately
PAGE-Shared-_Layout-REF-009,Shared template: Shared/_Layout; line 51,"{""line"": 51, ""tag"": ""a"", ""attribute"": ""href"", ""target"": ""#"", ""attributes"": {""class"": ""nav-link dropdown-toggle text-white"", ""href"": ""#"", ""id"": ""ProjectsDropDown"", ""role"": ""button"", ""data-bs-toggle"": ""dropdown"", ""aria-expanded"": ""false""}}",Src/Portfolio_Core/Portfolio/Pages/Shared/_Layout.cshtml; original section/anchor,Retained in original page,Approved accomplishments navigation; docs/2026/10/08-owner-decisions.md,Source/anchor/reference comparison; final HTTP verification recorded separately
PAGE-Shared-_Layout-REF-010,Shared template: Shared/_Layout; line 53,"{""line"": 53, ""tag"": ""a"", ""attribute"": ""asp-page"", ""target"": ""/Projects/AGameEmpowerment"", ""attributes"": {""class"": ""dropdown-item text-light"", ""asp-area"": """", ""asp-page"": ""/Projects/AGameEmpowerment""}}",Src/Portfolio_Core/Portfolio/Pages/Shared/_Layout.cshtml; original section/anchor,Retained in original page,Approved accomplishments navigation; docs/2026/10/08-owner-decisions.md,Source/anchor/reference comparison; final HTTP verification recorded separately
PAGE-Shared-_Layout-REF-011,Shared template: Shared/_Layout; line 54,"{""line"": 54, ""tag"": ""a"", ""attribute"": ""asp-page"", ""target"": ""/Projects/AdverTran"", ""attributes"": {""class"": ""dropdown-item text-light"", ""asp-area"": """", ""asp-page"": ""/Projects/AdverTran""}}",Src/Portfolio_Core/Portfolio/Pages/Shared/_Layout.cshtml; original section/anchor,Retained in original page,Approved accomplishments navigation; docs/2026/10/08-owner-decisions.md,Source/anchor/reference comparison; final HTTP verification recorded separately
PAGE-Shared-_Layout-REF-012,Shared template: Shared/_Layout; line 55,"{""line"": 55, ""tag"": ""a"", ""attribute"": ""asp-page"", ""target"": ""/Projects/AzureServices"", ""attributes"": {""class"": ""dropdown-item text-light"", ""asp-area"": """", ""asp-page"": ""/Projects/AzureServices""}}",Src/Portfolio_Core/Portfolio/Pages/Shared/_Layout.cshtml; original section/anchor,Retained in original page,Approved accomplishments navigation; docs/2026/10/08-owner-decisions.md,Source/anchor/reference comparison; final HTTP verification recorded separately
PAGE-Shared-_Layout-REF-013,Shared template: Shared/_Layout; line 56,"{""line"": 56, ""tag"": ""a"", ""attribute"": ""asp-page"", ""target"": ""/Projects/Encompass"", ""attributes"": {""class"": ""dropdown-item text-light"", ""asp-area"": """", ""asp-page"": ""/Projects/Encompass""}}",Src/Portfolio_Core/Portfolio/Pages/Shared/_Layout.cshtml; original section/anchor,Retained in original page,Approved accomplishments navigation; docs/2026/10/08-owner-decisions.md,Source/anchor/reference comparison; final HTTP verification recorded separately
PAGE-Shared-_Layout-REF-014,Shared template: Shared/_Layout; line 57,"{""line"": 57, ""tag"": ""a"", ""attribute"": ""asp-page"", ""target"": ""/Projects/FamilyKey"", ""attributes"": {""class"": ""dropdown-item text-light"", ""asp-area"": """", ""asp-page"": ""/Projects/FamilyKey""}}",Src/Portfolio_Core/Portfolio/Pages/Shared/_Layout.cshtml; original section/anchor,Retained in original page,Approved accomplishments navigation; docs/2026/10/08-owner-decisions.md,Source/anchor/reference comparison; final HTTP verification recorded separately
PAGE-Shared-_Layout-REF-015,Shared template: Shared/_Layout; line 58,"{""line"": 58, ""tag"": ""a"", ""attribute"": ""asp-page"", ""target"": ""/Fun/Index"", ""attributes"": {""class"": ""dropdown-item text-light"", ""asp-area"": """", ""asp-page"": ""/Fun/Index""}}",Src/Portfolio_Core/Portfolio/Pages/Shared/_Layout.cshtml; original section/anchor,Retained in original page,Approved accomplishments navigation; docs/2026/10/08-owner-decisions.md,Source/anchor/reference comparison; final HTTP verification recorded separately
PAGE-Shared-_Layout-REF-016,Shared template: Shared/_Layout; line 59,"{""line"": 59, ""tag"": ""a"", ""attribute"": ""asp-page"", ""target"": ""/Projects/MlmLinkup"", ""attributes"": {""class"": ""dropdown-item text-light"", ""asp-area"": """", ""asp-page"": ""/Projects/MlmLinkup""}}",Src/Portfolio_Core/Portfolio/Pages/Shared/_Layout.cshtml; original section/anchor,Retained in original page,Approved accomplishments navigation; docs/2026/10/08-owner-decisions.md,Source/anchor/reference comparison; final HTTP verification recorded separately
PAGE-Shared-_Layout-REF-017,Shared template: Shared/_Layout; line 60,"{""line"": 60, ""tag"": ""a"", ""attribute"": ""asp-page"", ""target"": ""/Fun/SolarianLeague"", ""attributes"": {""class"": ""dropdown-item text-light"", ""asp-area"": """", ""asp-page"": ""/Fun/SolarianLeague""}}",Src/Portfolio_Core/Portfolio/Pages/Shared/_Layout.cshtml; original section/anchor,Retained in original page,Approved accomplishments navigation; docs/2026/10/08-owner-decisions.md,Source/anchor/reference comparison; final HTTP verification recorded separately
PAGE-Shared-_Layout-REF-018,Shared template: Shared/_Layout; line 61,"{""line"": 61, ""tag"": ""a"", ""attribute"": ""asp-page"", ""target"": ""/Projects/RedheadMobile"", ""attributes"": {""class"": ""dropdown-item text-light"", ""asp-area"": """", ""asp-page"": ""/Projects/RedheadMobile""}}",Src/Portfolio_Core/Portfolio/Pages/Shared/_Layout.cshtml; original section/anchor,Retained in original page,Approved accomplishments navigation; docs/2026/10/08-owner-decisions.md,Source/anchor/reference comparison; final HTTP verification recorded separately
PAGE-Shared-_Layout-REF-019,Shared template: Shared/_Layout; line 62,"{""line"": 62, ""tag"": ""a"", ""attribute"": ""asp-page"", ""target"": ""/Projects/Startup"", ""attributes"": {""class"": ""dropdown-item text-light"", ""asp-area"": """", ""asp-page"": ""/Projects/Startup""}}",Src/Portfolio_Core/Portfolio/Pages/Shared/_Layout.cshtml; original section/anchor,Retained in original page,Approved accomplishments navigation; docs/2026/10/08-owner-decisions.md,Source/anchor/reference comparison; final HTTP verification recorded separately
PAGE-Shared-_Layout-REF-020,Shared template: Shared/_Layout; line 66,"{""line"": 66, ""tag"": ""a"", ""attribute"": ""href"", ""target"": ""#"", ""attributes"": {""class"": ""nav-link dropdown-toggle text-white"", ""href"": ""#"", ""id"": ""CollegeDropDown"", ""role"": ""button"", ""data-bs-toggle"": ""dropdown"", ""aria-expanded"": ""false""}}",Src/Portfolio_Core/Portfolio/Pages/Shared/_Layout.cshtml; original section/anchor,Retained in original page,Approved accomplishments navigation; docs/2026/10/08-owner-decisions.md,Source/anchor/reference comparison; final HTTP verification recorded separately
PAGE-Shared-_Layout-REF-021,Shared template: Shared/_Layout; line 68,"{""line"": 68, ""tag"": ""a"", ""attribute"": ""asp-page"", ""target"": ""/College/Cit261"", ""attributes"": {""class"": ""dropdown-item text-light"", ""asp-area"": """", ""asp-page"": ""/College/Cit261""}}",Src/Portfolio_Core/Portfolio/Pages/Shared/_Layout.cshtml; original section/anchor,Retained in original page,Approved accomplishments navigation; docs/2026/10/08-owner-decisions.md,Source/anchor/reference comparison; final HTTP verification recorded separately
PAGE-Shared-_Layout-REF-022,Shared template: Shared/_Layout; line 69,"{""line"": 69, ""tag"": ""a"", ""attribute"": ""asp-page"", ""target"": ""/College/Cs313"", ""attributes"": {""class"": ""dropdown-item text-light"", ""asp-area"": """", ""asp-page"": ""/College/Cs313""}}",Src/Portfolio_Core/Portfolio/Pages/Shared/_Layout.cshtml; original section/anchor,Retained in original page,Approved accomplishments navigation; docs/2026/10/08-owner-decisions.md,Source/anchor/reference comparison; final HTTP verification recorded separately
PAGE-Shared-_Layout-REF-023,Shared template: Shared/_Layout; line 70,"{""line"": 70, ""tag"": ""a"", ""attribute"": ""asp-page"", ""target"": ""/College/Cs364"", ""attributes"": {""class"": ""dropdown-item text-light"", ""asp-area"": """", ""asp-page"": ""/College/Cs364""}}",Src/Portfolio_Core/Portfolio/Pages/Shared/_Layout.cshtml; original section/anchor,Retained in original page,Approved accomplishments navigation; docs/2026/10/08-owner-decisions.md,Source/anchor/reference comparison; final HTTP verification recorded separately
PAGE-Shared-_Layout-REF-024,Shared template: Shared/_Layout; line 74,"{""line"": 74, ""tag"": ""a"", ""attribute"": ""href"", ""target"": ""#"", ""attributes"": {""class"": ""nav-link dropdown-toggle text-white"", ""href"": ""#"", ""id"": ""SkillsDropDown"", ""role"": ""button"", ""data-bs-toggle"": ""dropdown"", ""aria-expanded"": ""false""}}",Src/Portfolio_Core/Portfolio/Pages/Shared/_Layout.cshtml; original section/anchor,Retained in original page,Approved accomplishments navigation; docs/2026/10/08-owner-decisions.md,Source/anchor/reference comparison; final HTTP verification recorded separately
PAGE-Shared-_Layout-REF-025,Shared template: Shared/_Layout; line 76,"{""line"": 76, ""tag"": ""a"", ""attribute"": ""asp-page"", ""target"": ""/Skills/Leadership"", ""attributes"": {""class"": ""dropdown-item text-light"", ""asp-area"": """", ""asp-page"": ""/Skills/Leadership""}}",Src/Portfolio_Core/Portfolio/Pages/Shared/_Layout.cshtml; original section/anchor,Retained in original page,Approved accomplishments navigation; docs/2026/10/08-owner-decisions.md,Source/anchor/reference comparison; final HTTP verification recorded separately
PAGE-Shared-_Layout-REF-026,Shared template: Shared/_Layout; line 77,"{""line"": 77, ""tag"": ""a"", ""attribute"": ""asp-page"", ""target"": ""/Skills/Technologies"", ""attributes"": {""class"": ""dropdown-item text-light"", ""asp-area"": """", ""asp-page"": ""/Skills/Technologies""}}",Src/Portfolio_Core/Portfolio/Pages/Shared/_Layout.cshtml; original section/anchor,Retained in original page,Approved accomplishments navigation; docs/2026/10/08-owner-decisions.md,Source/anchor/reference comparison; final HTTP verification recorded separately
PAGE-Shared-_Layout-REF-027,Shared template: Shared/_Layout; line 81,"{""line"": 81, ""tag"": ""a"", ""attribute"": ""asp-page"", ""target"": ""/Git"", ""attributes"": {""class"": ""nav-link"", ""asp-area"": """", ""asp-page"": ""/Git""}}",Src/Portfolio_Core/Portfolio/Pages/Shared/_Layout.cshtml; original section/anchor,Retained in original page,Approved accomplishments navigation; docs/2026/10/08-owner-decisions.md,Source/anchor/reference comparison; final HTTP verification recorded separately
PAGE-Shared-_Layout-REF-028,Shared template: Shared/_Layout; line 84,"{""line"": 84, ""tag"": ""a"", ""attribute"": ""asp-page"", ""target"": ""/Contact"", ""attributes"": {""class"": ""nav-link"", ""asp-area"": """", ""asp-page"": ""/Contact""}}",Src/Portfolio_Core/Portfolio/Pages/Shared/_Layout.cshtml; original section/anchor,Retained in original page,Approved accomplishments navigation; docs/2026/10/08-owner-decisions.md,Source/anchor/reference comparison; final HTTP verification recorded separately
PAGE-Shared-_Layout-REF-029,Shared template: Shared/_Layout; line 87,"{""line"": 87, ""tag"": ""a"", ""attribute"": ""asp-page"", ""target"": ""/Tribute"", ""attributes"": {""class"": ""nav-link"", ""asp-area"": """", ""asp-page"": ""/Tribute""}}",Src/Portfolio_Core/Portfolio/Pages/Shared/_Layout.cshtml; original section/anchor,Retained in original page,Approved accomplishments navigation; docs/2026/10/08-owner-decisions.md,Source/anchor/reference comparison; final HTTP verification recorded separately
PAGE-Shared-_Layout-REF-030,Shared template: Shared/_Layout; line 108,"{""line"": 108, ""tag"": ""script"", ""attribute"": ""src"", ""target"": ""~/lib/bootstrap/js/bootstrap.bundle.min.js"", ""attributes"": {""src"": ""~/lib/bootstrap/js/bootstrap.bundle.min.js""}}",Src/Portfolio_Core/Portfolio/Pages/Shared/_Layout.cshtml; original section/anchor,Retained in original page,Approved accomplishments navigation; docs/2026/10/08-owner-decisions.md,Source/anchor/reference comparison; final HTTP verification recorded separately
PAGE-Shared-_Layout-REF-031,Shared template: Shared/_Layout; line 109,"{""line"": 109, ""tag"": ""link"", ""attribute"": ""href"", ""target"": ""https://cdn.jsdelivr.net/npm/bootstrap-icons@1.11.3/font/bootstrap-icons.css"", ""attributes"": {""rel"": ""stylesheet"", ""href"": ""https://cdn.jsdelivr.net/npm/bootstrap-icons@1.11.3/font/bootstrap-icons.css""}}",Src/Portfolio_Core/Portfolio/Pages/Shared/_Layout.cshtml; original section/anchor,Retained in original page,Approved accomplishments navigation; docs/2026/10/08-owner-decisions.md,Source/anchor/reference comparison; final HTTP verification recorded separately
PAGE-Shared-_Layout-ANCHOR-001,Shared template: Shared/_Layout#ExperienceDropDown,ExperienceDropDown,Src/Portfolio_Core/Portfolio/Pages/Shared/_Layout.cshtml; original section/anchor,Retained in original page,Approved accomplishments navigation; docs/2026/10/08-owner-decisions.md,Source/anchor/reference comparison; final HTTP verification recorded separately
PAGE-Shared-_Layout-ANCHOR-002,Shared template: Shared/_Layout#ProjectsDropDown,ProjectsDropDown,Src/Portfolio_Core/Portfolio/Pages/Shared/_Layout.cshtml; original section/anchor,Retained in original page,Approved accomplishments navigation; docs/2026/10/08-owner-decisions.md,Source/anchor/reference comparison; final HTTP verification recorded separately
PAGE-Shared-_Layout-ANCHOR-003,Shared template: Shared/_Layout#CollegeDropDown,CollegeDropDown,Src/Portfolio_Core/Portfolio/Pages/Shared/_Layout.cshtml; original section/anchor,Retained in original page,Approved accomplishments navigation; docs/2026/10/08-owner-decisions.md,Source/anchor/reference comparison; final HTTP verification recorded separately
PAGE-Shared-_Layout-ANCHOR-004,Shared template: Shared/_Layout#SkillsDropDown,SkillsDropDown,Src/Portfolio_Core/Portfolio/Pages/Shared/_Layout.cshtml; original section/anchor,Retained in original page,Approved accomplishments navigation; docs/2026/10/08-owner-decisions.md,Source/anchor/reference comparison; final HTTP verification recorded separately
PAGE-Shared-_Layout-ANCHOR-005,Shared template: Shared/_Layout#themeLabel,themeLabel,Src/Portfolio_Core/Portfolio/Pages/Shared/_Layout.cshtml; original section/anchor,Retained in original page,Approved accomplishments navigation; docs/2026/10/08-owner-decisions.md,Source/anchor/reference comparison; final HTTP verification recorded separately
PAGE-Shared-_Layout-ANCHOR-006,Shared template: Shared/_Layout#themeToggle,themeToggle,Src/Portfolio_Core/Portfolio/Pages/Shared/_Layout.cshtml; original section/anchor,Retained in original page,Approved accomplishments navigation; docs/2026/10/08-owner-decisions.md,Source/anchor/reference comparison; final HTTP verification recorded separately
PAGE-Shared-_Layout-META-001,Shared template: Shared/_Layout; line 4,"{""charset"": ""utf-8""}",Src/Portfolio_Core/Portfolio/Pages/Shared/_Layout.cshtml; original section/anchor,Route/template/behavior retained; page additions mapped separately,Approved accomplishments navigation; docs/2026/10/08-owner-decisions.md,Source/anchor/reference comparison; final HTTP verification recorded separately
PAGE-Shared-_Layout-META-002,Shared template: Shared/_Layout; line 5,"{""name"": ""viewport"", ""content"": ""width=device-width, initial-scale=1.0""}",Src/Portfolio_Core/Portfolio/Pages/Shared/_Layout.cshtml; original section/anchor,Route/template/behavior retained; page additions mapped separately,Approved accomplishments navigation; docs/2026/10/08-owner-decisions.md,Source/anchor/reference comparison; final HTTP verification recorded separately
PAGE-Shared-_Layout-META-003,Shared template: Shared/_Layout; line 7,"{""http-equiv"": ""X-UA-Compatible"", ""content"": ""IE=edge""}",Src/Portfolio_Core/Portfolio/Pages/Shared/_Layout.cshtml; original section/anchor,Route/template/behavior retained; page additions mapped separately,Approved accomplishments navigation; docs/2026/10/08-owner-decisions.md,Source/anchor/reference comparison; final HTTP verification recorded separately
PAGE-Shared-_Layout-META-004,Shared template: Shared/_Layout; line 8,"{""http-equiv"": ""Reply-to"", ""content"": ""support@AGameEmpowerment.com""}",Src/Portfolio_Core/Portfolio/Pages/Shared/_Layout.cshtml; original section/anchor,Route/template/behavior retained; page additions mapped separately,Approved accomplishments navigation; docs/2026/10/08-owner-decisions.md,Source/anchor/reference comparison; final HTTP verification recorded separately
PAGE-Shared-_Layout-META-005,Shared template: Shared/_Layout; line 9,"{""http-equiv"": ""Content-Type"", ""content"": ""text/html; charset=UTF-8""}",Src/Portfolio_Core/Portfolio/Pages/Shared/_Layout.cshtml; original section/anchor,Route/template/behavior retained; page additions mapped separately,Approved accomplishments navigation; docs/2026/10/08-owner-decisions.md,Source/anchor/reference comparison; final HTTP verification recorded separately
PAGE-Shared-_Layout-META-006,Shared template: Shared/_Layout; line 10,"{""http-equiv"": ""Content-Language"", ""content"": ""en-us""}",Src/Portfolio_Core/Portfolio/Pages/Shared/_Layout.cshtml; original section/anchor,Route/template/behavior retained; page additions mapped separately,Approved accomplishments navigation; docs/2026/10/08-owner-decisions.md,Source/anchor/reference comparison; final HTTP verification recorded separately
PAGE-Shared-_Layout-META-007,Shared template: Shared/_Layout; line 11,"{""name"": ""DESCRIPTION"", ""content"": ""Michael Carey's ePortfolio. This portfolio highlights the skills, abilities, expirence, and projects Michael has been involved in or done. This ePortfolio is here for research and a reference while researching Michael Carey's expirence.""}",Src/Portfolio_Core/Portfolio/Pages/Shared/_Layout.cshtml; original section/anchor,Route/template/behavior retained; page additions mapped separately,Approved accomplishments navigation; docs/2026/10/08-owner-decisions.md,Source/anchor/reference comparison; final HTTP verification recorded separately
PAGE-Shared-_Layout-META-008,Shared template: Shared/_Layout; line 12,"{""name"": ""KEYWORDS"", ""content"": ""ePortfolio, e-Portfolio, Portfolio, Michael, Carey, Resume, Michael Carey, Engineering Manager, Manager, Technical, Software, Engineer, Senior Engineer, Development, Quality Assurance, Skills, Experience, Projects""}",Src/Portfolio_Core/Portfolio/Pages/Shared/_Layout.cshtml; original section/anchor,Route/template/behavior retained; page additions mapped separately,Approved accomplishments navigation; docs/2026/10/08-owner-decisions.md,Source/anchor/reference comparison; final HTTP verification recorded separately
PAGE-Shared-_Layout-META-009,Shared template: Shared/_Layout; line 13,"{""name"": ""Robots"", ""content"": ""Follow, Index""}",Src/Portfolio_Core/Portfolio/Pages/Shared/_Layout.cshtml; original section/anchor,Route/template/behavior retained; page additions mapped separately,Approved accomplishments navigation; docs/2026/10/08-owner-decisions.md,Source/anchor/reference comparison; final HTTP verification recorded separately
PAGE-Shared-_Layout-META-010,Shared template: Shared/_Layout; line 14,"{""name"": ""Copyright"", ""content"": ""Michael Carey, @DateTime.UtcNow.Year""}",Src/Portfolio_Core/Portfolio/Pages/Shared/_Layout.cshtml; original section/anchor,Route/template/behavior retained; page additions mapped separately,Approved accomplishments navigation; docs/2026/10/08-owner-decisions.md,Source/anchor/reference comparison; final HTTP verification recorded separately
PAGE-Shared-_Layout-META-011,Shared template: Shared/_Layout; line 15,"{""name"": ""Distribution"", ""content"": ""Worldwide""}",Src/Portfolio_Core/Portfolio/Pages/Shared/_Layout.cshtml; original section/anchor,Route/template/behavior retained; page additions mapped separately,Approved accomplishments navigation; docs/2026/10/08-owner-decisions.md,Source/anchor/reference comparison; final HTTP verification recorded separately
PAGE-Shared-_Layout-META-012,Shared template: Shared/_Layout; line 16,"{""name"": ""Rating"", ""content"": ""General""}",Src/Portfolio_Core/Portfolio/Pages/Shared/_Layout.cshtml; original section/anchor,Route/template/behavior retained; page additions mapped separately,Approved accomplishments navigation; docs/2026/10/08-owner-decisions.md,Source/anchor/reference comparison; final HTTP verification recorded separately
PAGE-Shared-_Layout-META-013,Shared template: Shared/_Layout; line 17,"{""name"": ""revisit-after"", ""content"": ""15 days""}",Src/Portfolio_Core/Portfolio/Pages/Shared/_Layout.cshtml; original section/anchor,Route/template/behavior retained; page additions mapped separately,Approved accomplishments navigation; docs/2026/10/08-owner-decisions.md,Source/anchor/reference comparison; final HTTP verification recorded separately
PAGE-Shared-_Layout-ELEMENT-026,Shared template: Shared/_Layout; line 30,"{""tag"": ""button"", ""line"": 30, ""attributes"": {""class"": ""navbar-toggler"", ""type"": ""button"", ""data-bs-toggle"": ""collapse"", ""data-bs-target"": "".navbar-collapse"", ""aria-controls"": ""navbarSupportedContent"", ""aria-expanded"": ""false"", ""aria-label"": ""Toggle navigation""}}",Src/Portfolio_Core/Portfolio/Pages/Shared/_Layout.cshtml; original section/anchor,Route/template/behavior retained; page additions mapped separately,Approved accomplishments navigation; docs/2026/10/08-owner-decisions.md,Source/anchor/reference comparison; final HTTP verification recorded separately
PAGE-Shared-_Layout-ELEMENT-072,Shared template: Shared/_Layout; line 93,"{""tag"": ""input"", ""line"": 93, ""attributes"": {""class"": ""form-check-input"", ""type"": ""checkbox"", ""id"": ""themeToggle"", ""title"": ""Toggle dark/light mode"", ""aria-label"": ""Toggle dark mode""}}",Src/Portfolio_Core/Portfolio/Pages/Shared/_Layout.cshtml; original section/anchor,Route/template/behavior retained; page additions mapped separately,Approved accomplishments navigation; docs/2026/10/08-owner-decisions.md,Source/anchor/reference comparison; final HTTP verification recorded separately
PAGE-Shared-_Layout-BEHAVIOR,Shared template: Shared/_Layout,Full Razor source captured in baseline-source.json,Src/Portfolio_Core/Portfolio/Pages/Shared/_Layout.cshtml; original section/anchor,Route/template/behavior retained; page additions mapped separately,Approved accomplishments navigation; docs/2026/10/08-owner-decisions.md,Source/anchor/reference comparison; final HTTP verification recorded separately
PAGE-Skills-AI,/Skills/AI,Aliases: /Skills/AI,Src/Portfolio_Core/Portfolio/Pages/Skills/AI.cshtml; original section/anchor,Route/template/behavior retained; page additions mapped separately,Approved E13–E29; original private copy retained; docs/2026/10/08-owner-decisions.md,Source/anchor/reference comparison; final HTTP verification recorded separately
PAGE-Skills-AI-VALUE-001,/Skills/AI; line 4,AI Technologies,Src/Portfolio_Core/Portfolio/Pages/Skills/AI.cshtml; original section/anchor,Retained in original page,Approved E13–E29; original private copy retained; docs/2026/10/08-owner-decisions.md,Source/anchor/reference comparison; final HTTP verification recorded separately
PAGE-Skills-AI-TEXT-001,/Skills/AI; Introduction; line 7,"@ViewData[""Title""]",Src/Portfolio_Core/Portfolio/Pages/Skills/AI.cshtml; original section/anchor,Retained in original page,Approved E13–E29; original private copy retained; docs/2026/10/08-owner-decisions.md,Source/anchor/reference comparison; final HTTP verification recorded separately
PAGE-Skills-AI-TEXT-002,/Skills/AI; Introduction; line 8,"@ViewData[""Message""]",Src/Portfolio_Core/Portfolio/Pages/Skills/AI.cshtml; original section/anchor,Retained in original page,Approved E13–E29; original private copy retained; docs/2026/10/08-owner-decisions.md,Source/anchor/reference comparison; final HTTP verification recorded separately
PAGE-Skills-AI-TEXT-003,/Skills/AI; AI Product and Platform Work; line 12,AI Product and Platform Work,Src/Portfolio_Core/Portfolio/Pages/Skills/AI.cshtml; original section/anchor,Retained in original page,Approved E13–E29; original private copy retained; docs/2026/10/08-owner-decisions.md,Source/anchor/reference comparison; final HTTP verification recorded separately
PAGE-Skills-AI-TEXT-004,/Skills/AI; AI Product and Platform Work; line 13,"AI is now part of both my product thinking and my engineering workflow. In current private product work I am building AI-enabled experiences around conversational coaching, prompt-driven workflows, content generation, and automation. That work includes modern .NET web applications, chat-oriented user experiences, provider abstraction, observability, and careful system boundaries around data, validation, and supportability.",Src/Portfolio_Core/Portfolio/Pages/Skills/AI.cshtml; original section/anchor,Retained in original page,Approved E13–E29; original private copy retained; docs/2026/10/08-owner-decisions.md,Source/anchor/reference comparison; final HTTP verification recorded separately
PAGE-Skills-AI-TEXT-005,"/Skills/AI; LLM, Voice, and Media Orchestration; line 19","LLM, Voice, and Media Orchestration",Src/Portfolio_Core/Portfolio/Pages/Skills/AI.cshtml; original section/anchor,Retained in original page,Approved E13–E29; original private copy retained; docs/2026/10/08-owner-decisions.md,Source/anchor/reference comparison; final HTTP verification recorded separately
PAGE-Skills-AI-TEXT-006,"/Skills/AI; LLM, Voice, and Media Orchestration; line 20","My recent private project work goes beyond simple prompt experiments. It includes multi-provider LLM integration, AI chat experiences, text-to-speech orchestration, image and video generation pipelines, continuity and quality gates, and configurable provider patterns designed so the underlying AI services can evolve without forcing a full application rewrite.",Src/Portfolio_Core/Portfolio/Pages/Skills/AI.cshtml; original section/anchor,Retained in original page,Approved E13–E29; original private copy retained; docs/2026/10/08-owner-decisions.md,Source/anchor/reference comparison; final HTTP verification recorded separately
PAGE-Skills-AI-TEXT-007,/Skills/AI; Modern AI Stack Experience; line 25,Modern AI Stack Experience,Src/Portfolio_Core/Portfolio/Pages/Skills/AI.cshtml; original section/anchor,Retained in original page,Approved E13–E29; original private copy retained; docs/2026/10/08-owner-decisions.md,Source/anchor/reference comparison; final HTTP verification recorded separately
PAGE-Skills-AI-TEXT-008,/Skills/AI; Modern AI Stack Experience; line 26,"The technologies I am currently working with in this space include .NET 10, Blazor, ASP.NET Core, SignalR-style real-time UX, Azure OpenAI and Azure AI services, Azure Speech, Redis, Cosmos, SQL Server, OpenTelemetry, Seq, Application Insights, and feature-flag driven rollout patterns. My public seq-mcp project complements that by showing how I think about AI tooling, structured integrations, and operational diagnostics for agent workflows.",Src/Portfolio_Core/Portfolio/Pages/Skills/AI.cshtml; original section/anchor,Retained in original page,Approved E13–E29; original private copy retained; docs/2026/10/08-owner-decisions.md,Source/anchor/reference comparison; final HTTP verification recorded separately
PAGE-Skills-AI-TEXT-009,/Skills/AI; AI-Assisted Engineering Workflow; line 32,AI-Assisted Engineering Workflow,Src/Portfolio_Core/Portfolio/Pages/Skills/AI.cshtml; original section/anchor,Retained in original page,Approved E13–E29; original private copy retained; docs/2026/10/08-owner-decisions.md,Source/anchor/reference comparison; final HTTP verification recorded separately
PAGE-Skills-AI-TEXT-010,/Skills/AI; AI-Assisted Engineering Workflow; line 33,"I actively use GitHub Copilot, Codex, and OpenAI ChatGPT as part of my day-to-day workflow. I use them differently depending on the need: inline coding assistance and scaffolding with Copilot, repository-aware task execution and refactoring help with Codex, and broader problem solving, research, planning, and iteration support with ChatGPT. I also use AI tools for selected personal productivity and ideation workflows when they are a good fit.",Src/Portfolio_Core/Portfolio/Pages/Skills/AI.cshtml; original section/anchor,Retained in original page,Approved E13–E29; original private copy retained; docs/2026/10/08-owner-decisions.md,Source/anchor/reference comparison; final HTTP verification recorded separately
PAGE-Skills-AI-TEXT-011,/Skills/AI; Practical AI Discipline; line 39,Practical AI Discipline,Src/Portfolio_Core/Portfolio/Pages/Skills/AI.cshtml; original section/anchor,Retained in original page,Approved E13–E29; original private copy retained; docs/2026/10/08-owner-decisions.md,Source/anchor/reference comparison; final HTTP verification recorded separately
PAGE-Skills-AI-TEXT-012,/Skills/AI; Practical AI Discipline; line 40,"My approach to AI is pragmatic rather than hype-driven. I care about preview-first behavior, auditability, quality gates, test coverage, operational visibility, and human review. That mindset comes from having lived in QA, production support, and engineering leadership roles where “interesting” is never enough unless the software is reliable and maintainable.",Src/Portfolio_Core/Portfolio/Pages/Skills/AI.cshtml; original section/anchor,Retained in original page,Approved E13–E29; original private copy retained; docs/2026/10/08-owner-decisions.md,Source/anchor/reference comparison; final HTTP verification recorded separately
PAGE-Skills-AI-TEXT-013,/Skills/AI; Summary; line 47,Summary,Src/Portfolio_Core/Portfolio/Pages/Skills/AI.cshtml; original section/anchor,Retained in original page,Approved E13–E29; original private copy retained; docs/2026/10/08-owner-decisions.md,Source/anchor/reference comparison; final HTTP verification recorded separately
PAGE-Skills-AI-TEXT-014,/Skills/AI; Summary; line 49,"GitHub Copilot, Codex, and ChatGPT workflow integration",Src/Portfolio_Core/Portfolio/Pages/Skills/AI.cshtml; original section/anchor,Retained in original page,Approved E13–E29; original private copy retained; docs/2026/10/08-owner-decisions.md,Source/anchor/reference comparison; final HTTP verification recorded separately
PAGE-Skills-AI-TEXT-015,/Skills/AI; Summary; line 50,AI-enabled chat and coaching experiences,Src/Portfolio_Core/Portfolio/Pages/Skills/AI.cshtml; original section/anchor,Retained in original page,Approved E13–E29; original private copy retained; docs/2026/10/08-owner-decisions.md,Source/anchor/reference comparison; final HTTP verification recorded separately
PAGE-Skills-AI-TEXT-016,/Skills/AI; Summary; line 51,LLM provider abstraction and orchestration,Src/Portfolio_Core/Portfolio/Pages/Skills/AI.cshtml; original section/anchor,Retained in original page,Approved E13–E29; original private copy retained; docs/2026/10/08-owner-decisions.md,Source/anchor/reference comparison; final HTTP verification recorded separately
PAGE-Skills-AI-TEXT-017,/Skills/AI; Summary; line 52,Azure OpenAI and Azure AI service integration,Src/Portfolio_Core/Portfolio/Pages/Skills/AI.cshtml; original section/anchor,Retained in original page,Approved E13–E29; original private copy retained; docs/2026/10/08-owner-decisions.md,Source/anchor/reference comparison; final HTTP verification recorded separately
PAGE-Skills-AI-TEXT-018,/Skills/AI; Summary; line 53,"Text-to-speech, image, and video generation pipelines",Src/Portfolio_Core/Portfolio/Pages/Skills/AI.cshtml; original section/anchor,Retained in original page,Approved E13–E29; original private copy retained; docs/2026/10/08-owner-decisions.md,Source/anchor/reference comparison; final HTTP verification recorded separately
PAGE-Skills-AI-TEXT-019,/Skills/AI; Summary; line 54,"Prompt workflows, quality gates, and validation",Src/Portfolio_Core/Portfolio/Pages/Skills/AI.cshtml; original section/anchor,Retained in original page,Approved E13–E29; original private copy retained; docs/2026/10/08-owner-decisions.md,Source/anchor/reference comparison; final HTTP verification recorded separately
PAGE-Skills-AI-TEXT-020,/Skills/AI; Summary; line 55,Real-time and interactive AI user experiences,Src/Portfolio_Core/Portfolio/Pages/Skills/AI.cshtml; original section/anchor,Retained in original page,Approved E13–E29; original private copy retained; docs/2026/10/08-owner-decisions.md,Source/anchor/reference comparison; final HTTP verification recorded separately
PAGE-Skills-AI-TEXT-021,/Skills/AI; Summary; line 56,"Observability, testing, and responsible AI implementation",Src/Portfolio_Core/Portfolio/Pages/Skills/AI.cshtml; original section/anchor,Retained in original page,Approved E13–E29; original private copy retained; docs/2026/10/08-owner-decisions.md,Source/anchor/reference comparison; final HTTP verification recorded separately
PAGE-Skills-AI-TEXT-022,/Skills/AI; Summary; line 57,MCP and AI tooling integrations,Src/Portfolio_Core/Portfolio/Pages/Skills/AI.cshtml; original section/anchor,Retained in original page,Approved E13–E29; original private copy retained; docs/2026/10/08-owner-decisions.md,Source/anchor/reference comparison; final HTTP verification recorded separately
PAGE-Skills-AI-TEXT-023,/Skills/AI; External Links; line 61,External Links,Src/Portfolio_Core/Portfolio/Pages/Skills/AI.cshtml; original section/anchor,Retained in original page,Approved E13–E29; original private copy retained; docs/2026/10/08-owner-decisions.md,Source/anchor/reference comparison; final HTTP verification recorded separately
PAGE-Skills-AI-TEXT-024,/Skills/AI; External Links; line 62,seq-mcp >>,Src/Portfolio_Core/Portfolio/Pages/Skills/AI.cshtml; original section/anchor,Retained in original page,Approved E13–E29; original private copy retained; docs/2026/10/08-owner-decisions.md,Source/anchor/reference comparison; final HTTP verification recorded separately
PAGE-Skills-AI-TEXT-025,/Skills/AI; External Links; line 63,Developer-Toolbox >>,Src/Portfolio_Core/Portfolio/Pages/Skills/AI.cshtml; original section/anchor,Retained in original page,Approved E13–E29; original private copy retained; docs/2026/10/08-owner-decisions.md,Source/anchor/reference comparison; final HTTP verification recorded separately
PAGE-Skills-AI-TEXT-026,/Skills/AI; External Links; line 64,Development Technologies >>,Src/Portfolio_Core/Portfolio/Pages/Skills/AI.cshtml; original section/anchor,Retained in original page,Approved E13–E29; original private copy retained; docs/2026/10/08-owner-decisions.md,Source/anchor/reference comparison; final HTTP verification recorded separately
PAGE-Skills-AI-TEXT-027,/Skills/AI; External Links; line 65,Work History >>,Src/Portfolio_Core/Portfolio/Pages/Skills/AI.cshtml; original section/anchor,Retained in original page,Approved E13–E29; original private copy retained; docs/2026/10/08-owner-decisions.md,Source/anchor/reference comparison; final HTTP verification recorded separately
PAGE-Skills-AI-REF-001,/Skills/AI; line 62,"{""line"": 62, ""tag"": ""a"", ""attribute"": ""href"", ""target"": ""https://github.com/MCLifeLeader/seq-mcp"", ""attributes"": {""class"": ""btn btn-info btn-site"", ""href"": ""https://github.com/MCLifeLeader/seq-mcp"", ""target"": ""_blank"", ""rel"": ""noopener""}}",Src/Portfolio_Core/Portfolio/Pages/Skills/AI.cshtml; original section/anchor,Retained in original page,Approved E13–E29; original private copy retained; docs/2026/10/08-owner-decisions.md,Source/anchor/reference comparison; final HTTP verification recorded separately
PAGE-Skills-AI-REF-002,/Skills/AI; line 63,"{""line"": 63, ""tag"": ""a"", ""attribute"": ""href"", ""target"": ""https://github.com/AGameEmpowerment/Developer-Toolbox"", ""attributes"": {""class"": ""btn btn-info btn-site"", ""href"": ""https://github.com/AGameEmpowerment/Developer-Toolbox"", ""target"": ""_blank"", ""rel"": ""noopener""}}",Src/Portfolio_Core/Portfolio/Pages/Skills/AI.cshtml; original section/anchor,Retained in original page,Approved E13–E29; original private copy retained; docs/2026/10/08-owner-decisions.md,Source/anchor/reference comparison; final HTTP verification recorded separately
PAGE-Skills-AI-REF-003,/Skills/AI; line 64,"{""line"": 64, ""tag"": ""a"", ""attribute"": ""asp-page"", ""target"": ""/Skills/Technologies"", ""attributes"": {""class"": ""btn btn-info btn-site"", ""asp-area"": """", ""asp-page"": ""/Skills/Technologies""}}",Src/Portfolio_Core/Portfolio/Pages/Skills/AI.cshtml; original section/anchor,Retained in original page,Approved E13–E29; original private copy retained; docs/2026/10/08-owner-decisions.md,Source/anchor/reference comparison; final HTTP verification recorded separately
PAGE-Skills-AI-REF-004,/Skills/AI; line 65,"{""line"": 65, ""tag"": ""a"", ""attribute"": ""asp-page"", ""target"": ""/Experience/WorkHistory"", ""attributes"": {""class"": ""btn btn-info btn-site"", ""asp-area"": """", ""asp-page"": ""/Experience/WorkHistory""}}",Src/Portfolio_Core/Portfolio/Pages/Skills/AI.cshtml; original section/anchor,Retained in original page,Approved E13–E29; original private copy retained; docs/2026/10/08-owner-decisions.md,Source/anchor/reference comparison; final HTTP verification recorded separately
PAGE-Skills-AI-BEHAVIOR,/Skills/AI,Full Razor source captured in baseline-source.json,Src/Portfolio_Core/Portfolio/Pages/Skills/AI.cshtml; original section/anchor,Route/template/behavior retained; page additions mapped separately,Approved E13–E29; original private copy retained; docs/2026/10/08-owner-decisions.md,Source/anchor/reference comparison; final HTTP verification recorded separately
PAGE-Skills-DevOps,/Skills/DevOps,Aliases: /Skills/DevOps,Src/Portfolio_Core/Portfolio/Pages/Skills/DevOps.cshtml; original section/anchor,Route/template/behavior retained; page additions mapped separately,R05; docs/2026/10/08-owner-decisions.md,Source/anchor/reference comparison; final HTTP verification recorded separately
PAGE-Skills-DevOps-VALUE-001,/Skills/DevOps; line 4,Azure DevOps / VSTS / TFS,Src/Portfolio_Core/Portfolio/Pages/Skills/DevOps.cshtml; original section/anchor,Retained in original page,R05; docs/2026/10/08-owner-decisions.md,Source/anchor/reference comparison; final HTTP verification recorded separately
PAGE-Skills-DevOps-TEXT-001,/Skills/DevOps; Introduction; line 7,"@ViewData[""Title""]",Src/Portfolio_Core/Portfolio/Pages/Skills/DevOps.cshtml; original section/anchor,Retained in original page,R05; docs/2026/10/08-owner-decisions.md,Source/anchor/reference comparison; final HTTP verification recorded separately
PAGE-Skills-DevOps-TEXT-002,/Skills/DevOps; Introduction; line 8,"@ViewData[""Message""]",Src/Portfolio_Core/Portfolio/Pages/Skills/DevOps.cshtml; original section/anchor,Retained in original page,R05; docs/2026/10/08-owner-decisions.md,Source/anchor/reference comparison; final HTTP verification recorded separately
PAGE-Skills-DevOps-TEXT-003,/Skills/DevOps; Administrative Experience; line 12,Administrative Experience,Src/Portfolio_Core/Portfolio/Pages/Skills/DevOps.cshtml; original section/anchor,Retained in original page,R05; docs/2026/10/08-owner-decisions.md,Source/anchor/reference comparison; final HTTP verification recorded separately
PAGE-Skills-DevOps-TEXT-004,/Skills/DevOps; Administrative Experience; line 13,My first experience with TFS was in 2011 while working on contract with the LDS Church. I learned how to create and manage builds and even added Continuous Deployment to our Development / Test lanes for the project that we were developing. I gained a solid understanding of the Team Foundation Version Control (TFVC) repository system including the practice and process for proper branching and merging changes within TFVC.,Src/Portfolio_Core/Portfolio/Pages/Skills/DevOps.cshtml; original section/anchor,Retained in original page,R05; docs/2026/10/08-owner-decisions.md,Source/anchor/reference comparison; final HTTP verification recorded separately
PAGE-Skills-DevOps-TEXT-005,/Skills/DevOps; Administrative Experience; line 19,"After my contract I went to work for SwipeClock. While I was there I assisted in the adoption and implementation of TFS on premise. I helped with team and project creation including the configuration of continuous deployment to our development servers. During this time, I also functioned as a TFS Administrator for the system and Release Manager, however the majority of my time was focused on writing code as one of the company’s Sr. Developers.",Src/Portfolio_Core/Portfolio/Pages/Skills/DevOps.cshtml; original section/anchor,Retained in original page,R05; docs/2026/10/08-owner-decisions.md,Source/anchor/reference comparison; final HTTP verification recorded separately
PAGE-Skills-DevOps-TEXT-006,/Skills/DevOps; Administrative Experience; line 25,I then went back on contact to work for the LDS Church and while on the team I was the project administrator for our TFS instance and functioned as the Release Manager. It was one of my focus areas in helping our entire team migrate from JIRA to TFS. We had been using TFS for our code repository but we were not using the project management capabilities of the system. One of the biggest advantages that we wanted was the ability to track what work was completed with what code was checked into the repository. After the migration we added GIT in addition to our TFVC repository. After having worked with both Azure DevOps (VSTS / TFS) and JIRA I feel that the TFS/VSTS environment is a better wholistic enterprise solution for any IT team.,Src/Portfolio_Core/Portfolio/Pages/Skills/DevOps.cshtml; original section/anchor,Retained in original page,R05; docs/2026/10/08-owner-decisions.md,Source/anchor/reference comparison; final HTTP verification recorded separately
PAGE-Skills-DevOps-TEXT-007,/Skills/DevOps; Administrative Experience; line 33,"While working for Academy Mortgage, it was decided by business to bring in Azure DevOps (VSTS / TFS) and evaluate its use for our teams. Azure DevOps is the Azure cloud version of VSTS / TFS, a SaaS based solution for IT and Development shops. My previous experience with TFS was invaluable for the company in evaluating the new solution. Academy was using an aging instance of GO / CD / Chef deployment that was taking our DevOps team over 25% of their time just in maintenance of the system and services. Working with one of the DevOps team members we were able to create an entire build pipeline for deployment from two to three weeks down to three or four hours. I was later promoted to manage the DevOps team and provide best practices and governance over the Azure DevOps / VSTS / TFS instance.",Src/Portfolio_Core/Portfolio/Pages/Skills/DevOps.cshtml; original section/anchor,Owner-confirmed revision; original retained in fixed baseline,R05; docs/2026/10/08-owner-decisions.md,Source/anchor/reference comparison; final HTTP verification recorded separately
PAGE-Skills-DevOps-TEXT-008,/Skills/DevOps; Summary; line 44,Summary,Src/Portfolio_Core/Portfolio/Pages/Skills/DevOps.cshtml; original section/anchor,Retained in original page,R05; docs/2026/10/08-owner-decisions.md,Source/anchor/reference comparison; final HTTP verification recorded separately
PAGE-Skills-DevOps-TEXT-009,/Skills/DevOps; Summary; line 46,Azure DevOps / VSTS / TFS,Src/Portfolio_Core/Portfolio/Pages/Skills/DevOps.cshtml; original section/anchor,Retained in original page,R05; docs/2026/10/08-owner-decisions.md,Source/anchor/reference comparison; final HTTP verification recorded separately
PAGE-Skills-DevOps-TEXT-010,/Skills/DevOps; Summary; line 47,Reporting,Src/Portfolio_Core/Portfolio/Pages/Skills/DevOps.cshtml; original section/anchor,Retained in original page,R05; docs/2026/10/08-owner-decisions.md,Source/anchor/reference comparison; final HTTP verification recorded separately
PAGE-Skills-DevOps-TEXT-011,/Skills/DevOps; Summary; line 48,Agile & Team Configuration of Azure DevOps,Src/Portfolio_Core/Portfolio/Pages/Skills/DevOps.cshtml; original section/anchor,Retained in original page,R05; docs/2026/10/08-owner-decisions.md,Source/anchor/reference comparison; final HTTP verification recorded separately
PAGE-Skills-DevOps-TEXT-012,/Skills/DevOps; Summary; line 49,DevOps,Src/Portfolio_Core/Portfolio/Pages/Skills/DevOps.cshtml; original section/anchor,Retained in original page,R05; docs/2026/10/08-owner-decisions.md,Source/anchor/reference comparison; final HTTP verification recorded separately
PAGE-Skills-DevOps-TEXT-013,/Skills/DevOps; Summary; line 50,JIRA and Migration to TFS,Src/Portfolio_Core/Portfolio/Pages/Skills/DevOps.cshtml; original section/anchor,Retained in original page,R05; docs/2026/10/08-owner-decisions.md,Source/anchor/reference comparison; final HTTP verification recorded separately
PAGE-Skills-DevOps-TEXT-014,/Skills/DevOps; Summary; line 51,Continuous Integration / Continuous Deployment (CI / CD),Src/Portfolio_Core/Portfolio/Pages/Skills/DevOps.cshtml; original section/anchor,Retained in original page,R05; docs/2026/10/08-owner-decisions.md,Source/anchor/reference comparison; final HTTP verification recorded separately
PAGE-Skills-DevOps-TEXT-015,/Skills/DevOps; Summary; line 52,Release Manager,Src/Portfolio_Core/Portfolio/Pages/Skills/DevOps.cshtml; original section/anchor,Retained in original page,R05; docs/2026/10/08-owner-decisions.md,Source/anchor/reference comparison; final HTTP verification recorded separately
PAGE-Skills-DevOps-TEXT-016,/Skills/DevOps; Summary; line 53,TFVC & Git,Src/Portfolio_Core/Portfolio/Pages/Skills/DevOps.cshtml; original section/anchor,Retained in original page,R05; docs/2026/10/08-owner-decisions.md,Source/anchor/reference comparison; final HTTP verification recorded separately
PAGE-Skills-DevOps-TEXT-017,/Skills/DevOps; Summary; line 54,Branching and Merging Strategies,Src/Portfolio_Core/Portfolio/Pages/Skills/DevOps.cshtml; original section/anchor,Retained in original page,R05; docs/2026/10/08-owner-decisions.md,Source/anchor/reference comparison; final HTTP verification recorded separately
PAGE-Skills-DevOps-TEXT-018,/Skills/DevOps; External Links; line 58,External Links,Src/Portfolio_Core/Portfolio/Pages/Skills/DevOps.cshtml; original section/anchor,Retained in original page,R05; docs/2026/10/08-owner-decisions.md,Source/anchor/reference comparison; final HTTP verification recorded separately
PAGE-Skills-DevOps-TEXT-019,/Skills/DevOps; External Links; line 59,Azure DevOps >>,Src/Portfolio_Core/Portfolio/Pages/Skills/DevOps.cshtml; original section/anchor,Retained in original page,R05; docs/2026/10/08-owner-decisions.md,Source/anchor/reference comparison; final HTTP verification recorded separately
PAGE-Skills-DevOps-TEXT-020,/Skills/DevOps; External Links; line 60,Azure DevOps - Git >>,Src/Portfolio_Core/Portfolio/Pages/Skills/DevOps.cshtml; original section/anchor,Retained in original page,R05; docs/2026/10/08-owner-decisions.md,Source/anchor/reference comparison; final HTTP verification recorded separately
PAGE-Skills-DevOps-TEXT-021,/Skills/DevOps; External Links; line 61,Azure DevOps - TFVC >>,Src/Portfolio_Core/Portfolio/Pages/Skills/DevOps.cshtml; original section/anchor,Retained in original page,R05; docs/2026/10/08-owner-decisions.md,Source/anchor/reference comparison; final HTTP verification recorded separately
PAGE-Skills-DevOps-TEXT-022,/Skills/DevOps; External Links; line 62,Azure DevOps - CI / CD >>,Src/Portfolio_Core/Portfolio/Pages/Skills/DevOps.cshtml; original section/anchor,Retained in original page,R05; docs/2026/10/08-owner-decisions.md,Source/anchor/reference comparison; final HTTP verification recorded separately
PAGE-Skills-DevOps-TEXT-023,/Skills/DevOps; External Links; line 63,Azure DevOps - Reporting >>,Src/Portfolio_Core/Portfolio/Pages/Skills/DevOps.cshtml; original section/anchor,Retained in original page,R05; docs/2026/10/08-owner-decisions.md,Source/anchor/reference comparison; final HTTP verification recorded separately
PAGE-Skills-DevOps-REF-001,/Skills/DevOps; line 59,"{""line"": 59, ""tag"": ""a"", ""attribute"": ""href"", ""target"": ""https://www.visualstudio.com/team-services/"", ""attributes"": {""class"": ""btn btn-info btn-site"", ""href"": ""https://www.visualstudio.com/team-services/"", ""target"": ""_blank"", ""rel"": ""noopener""}}",Src/Portfolio_Core/Portfolio/Pages/Skills/DevOps.cshtml; original section/anchor,Retained in original page,R05; docs/2026/10/08-owner-decisions.md,Source/anchor/reference comparison; final HTTP verification recorded separately
PAGE-Skills-DevOps-REF-002,/Skills/DevOps; line 60,"{""line"": 60, ""tag"": ""a"", ""attribute"": ""href"", ""target"": ""https://www.visualstudio.com/team-services/git/"", ""attributes"": {""class"": ""btn btn-info btn-site"", ""href"": ""https://www.visualstudio.com/team-services/git/"", ""target"": ""_blank"", ""rel"": ""noopener""}}",Src/Portfolio_Core/Portfolio/Pages/Skills/DevOps.cshtml; original section/anchor,Retained in original page,R05; docs/2026/10/08-owner-decisions.md,Source/anchor/reference comparison; final HTTP verification recorded separately
PAGE-Skills-DevOps-REF-003,/Skills/DevOps; line 61,"{""line"": 61, ""tag"": ""a"", ""attribute"": ""href"", ""target"": ""https://www.visualstudio.com/team-services/tfvc/"", ""attributes"": {""class"": ""btn btn-info btn-site"", ""href"": ""https://www.visualstudio.com/team-services/tfvc/"", ""target"": ""_blank"", ""rel"": ""noopener""}}",Src/Portfolio_Core/Portfolio/Pages/Skills/DevOps.cshtml; original section/anchor,Retained in original page,R05; docs/2026/10/08-owner-decisions.md,Source/anchor/reference comparison; final HTTP verification recorded separately
PAGE-Skills-DevOps-REF-004,/Skills/DevOps; line 62,"{""line"": 62, ""tag"": ""a"", ""attribute"": ""href"", ""target"": ""https://www.visualstudio.com/team-services/continuous-integration/"", ""attributes"": {""class"": ""btn btn-info btn-site"", ""href"": ""https://www.visualstudio.com/team-services/continuous-integration/"", ""target"": ""_blank"", ""rel"": ""noopener""}}",Src/Portfolio_Core/Portfolio/Pages/Skills/DevOps.cshtml; original section/anchor,Retained in original page,R05; docs/2026/10/08-owner-decisions.md,Source/anchor/reference comparison; final HTTP verification recorded separately
PAGE-Skills-DevOps-REF-005,/Skills/DevOps; line 63,"{""line"": 63, ""tag"": ""a"", ""attribute"": ""href"", ""target"": ""https://www.visualstudio.com/team-services/reporting/"", ""attributes"": {""class"": ""btn btn-info btn-site"", ""href"": ""https://www.visualstudio.com/team-services/reporting/"", ""target"": ""_blank"", ""rel"": ""noopener""}}",Src/Portfolio_Core/Portfolio/Pages/Skills/DevOps.cshtml; original section/anchor,Retained in original page,R05; docs/2026/10/08-owner-decisions.md,Source/anchor/reference comparison; final HTTP verification recorded separately
PAGE-Skills-DevOps-BEHAVIOR,/Skills/DevOps,Full Razor source captured in baseline-source.json,Src/Portfolio_Core/Portfolio/Pages/Skills/DevOps.cshtml; original section/anchor,Route/template/behavior retained; page additions mapped separately,R05; docs/2026/10/08-owner-decisions.md,Source/anchor/reference comparison; final HTTP verification recorded separately
PAGE-Skills-Leadership,/Skills/Leadership,Aliases: /Skills/Leadership,Src/Portfolio_Core/Portfolio/Pages/Skills/Leadership.cshtml; original section/anchor,Route/template/behavior retained; page additions mapped separately,R01/R08; approved E30–E34/E51; docs/2026/10/08-owner-decisions.md,Source/anchor/reference comparison; final HTTP verification recorded separately
PAGE-Skills-Leadership-VALUE-001,/Skills/Leadership; line 4,Leadership,Src/Portfolio_Core/Portfolio/Pages/Skills/Leadership.cshtml; original section/anchor,Retained in original page,R01/R08; approved E30–E34/E51; docs/2026/10/08-owner-decisions.md,Source/anchor/reference comparison; final HTTP verification recorded separately
PAGE-Skills-Leadership-COMMENT-001,/Skills/Leadership; line 340,"@*<li class=""list-group-item list-group-item-info fw-bolder"">
                <a href=""https://amzn.to/2BeWZrT"" target=""_blank"" rel=""noopener"">And Not a Shot is Fired (A Blue Print) How Parliament can Play a Revolutionary Part in the Transition to Socialism and the Role of the Popular Masses</a> <span class=""fw-normal"">by Jan Kozak, 1950</span>
                <br />
                Why would I want to read this book? To understand why and how Socialism can overtake a democratic country and society.
                </li>*@",Src/Portfolio_Core/Portfolio/Pages/Skills/Leadership.cshtml; original section/anchor,Retained in original page,R01/R08; approved E30–E34/E51; docs/2026/10/08-owner-decisions.md,Source/anchor/reference comparison; final HTTP verification recorded separately
PAGE-Skills-Leadership-TEXT-001,/Skills/Leadership; Introduction; line 7,"@ViewData[""Title""]",Src/Portfolio_Core/Portfolio/Pages/Skills/Leadership.cshtml; original section/anchor,Retained in original page,R01/R08; approved E30–E34/E51; docs/2026/10/08-owner-decisions.md,Source/anchor/reference comparison; final HTTP verification recorded separately
PAGE-Skills-Leadership-TEXT-002,/Skills/Leadership; Introduction; line 8,"@ViewData[""Message""]",Src/Portfolio_Core/Portfolio/Pages/Skills/Leadership.cshtml; original section/anchor,Retained in original page,R01/R08; approved E30–E34/E51; docs/2026/10/08-owner-decisions.md,Source/anchor/reference comparison; final HTTP verification recorded separately
PAGE-Skills-Leadership-TEXT-003,/Skills/Leadership; Introduction; line 12,"This page highlights my learning and personal development path for my self-directed education into leadership. I certainly don't know it all, however, I have a strong desire to be the best leader and mentor I can where ever I am at. Leadership and I mean real leadership is something earned over years of hard work and character building and is easily lost through the misuse of that leadership.",Src/Portfolio_Core/Portfolio/Pages/Skills/Leadership.cshtml; original section/anchor,Retained in original page,R01/R08; approved E30–E34/E51; docs/2026/10/08-owner-decisions.md,Source/anchor/reference comparison; final HTTP verification recorded separately
PAGE-Skills-Leadership-TEXT-004,/Skills/Leadership; Software Engineering Architect; line 21,Software Engineering Architect,Src/Portfolio_Core/Portfolio/Pages/Skills/Leadership.cshtml; original section/anchor,Owner-confirmed revision; original retained in fixed baseline,R01/R08; approved E30–E34/E51; docs/2026/10/08-owner-decisions.md,Source/anchor/reference comparison; final HTTP verification recorded separately
PAGE-Skills-Leadership-TEXT-005,/Skills/Leadership; 2026-Present; line 22,2026-Present,Src/Portfolio_Core/Portfolio/Pages/Skills/Leadership.cshtml; original section/anchor,Owner-confirmed revision; original retained in fixed baseline,R01/R08; approved E30–E34/E51; docs/2026/10/08-owner-decisions.md,Source/anchor/reference comparison; final HTTP verification recorded separately
PAGE-Skills-Leadership-TEXT-006,/Skills/Leadership; 2026-Present; line 23,"I currently serve as a Software Engineering Architect in the Pathway Education portfolio, helping guide system architecture and technical direction for platforms that expand access to education globally. My focus is designing scalable architectures, enabling engineering teams, and ensuring systems are resilient, maintainable, and aligned with organizational goals.",Src/Portfolio_Core/Portfolio/Pages/Skills/Leadership.cshtml; original section/anchor,Owner-confirmed revision; original retained in fixed baseline,R01/R08; approved E30–E34/E51; docs/2026/10/08-owner-decisions.md,Source/anchor/reference comparison; final HTTP verification recorded separately
PAGE-Skills-Leadership-TEXT-007,/Skills/Leadership; 2026-Present; line 27,More to come as I learn more!,Src/Portfolio_Core/Portfolio/Pages/Skills/Leadership.cshtml; original section/anchor,Owner-confirmed revision; original retained in fixed baseline,R01/R08; approved E30–E34/E51; docs/2026/10/08-owner-decisions.md,Source/anchor/reference comparison; final HTTP verification recorded separately
PAGE-Skills-Leadership-TEXT-008,/Skills/Leadership; Engineering Manager; line 30,Engineering Manager,Src/Portfolio_Core/Portfolio/Pages/Skills/Leadership.cshtml; original section/anchor,Retained in original page,R01/R08; approved E30–E34/E51; docs/2026/10/08-owner-decisions.md,Source/anchor/reference comparison; final HTTP verification recorded separately
PAGE-Skills-Leadership-TEXT-009,/Skills/Leadership; 2021-2026; line 31,2021-2026,Src/Portfolio_Core/Portfolio/Pages/Skills/Leadership.cshtml; original section/anchor,Owner-confirmed revision; original retained in fixed baseline,R01/R08; approved E30–E34/E51; docs/2026/10/08-owner-decisions.md,Source/anchor/reference comparison; final HTTP verification recorded separately
PAGE-Skills-Leadership-TEXT-010,/Skills/Leadership; 2021-2026; line 32,"In August of 2020, I came back to work for the LDS Church's ICS department, however, this time it is in the Education division. When I came back, I started off as an SDET Quality Assurance Contract Engineer and an opportunity opened for me to work full time as the Engineering Manager for the portfolio. I decided to apply for the position and then went through the interview process and was chosen to lead about thirty plus engineers of great talent and ability and of varying skill and seniority. I am still learning a great deal and helping to drive direction and standards for the various teams that I lead.",Src/Portfolio_Core/Portfolio/Pages/Skills/Leadership.cshtml; original section/anchor,Owner-confirmed revision; original retained in fixed baseline,R01/R08; approved E30–E34/E51; docs/2026/10/08-owner-decisions.md,Source/anchor/reference comparison; final HTTP verification recorded separately
PAGE-Skills-Leadership-TEXT-011,/Skills/Leadership; Quality Assurance Lead / Manager; line 40,Quality Assurance Lead / Manager,Src/Portfolio_Core/Portfolio/Pages/Skills/Leadership.cshtml; original section/anchor,Retained in original page,R01/R08; approved E30–E34/E51; docs/2026/10/08-owner-decisions.md,Source/anchor/reference comparison; final HTTP verification recorded separately
PAGE-Skills-Leadership-TEXT-012,/Skills/Leadership; 2019-2020; line 41,2019-2020,Src/Portfolio_Core/Portfolio/Pages/Skills/Leadership.cshtml; original section/anchor,Retained in original page,R01/R08; approved E30–E34/E51; docs/2026/10/08-owner-decisions.md,Source/anchor/reference comparison; final HTTP verification recorded separately
PAGE-Skills-Leadership-TEXT-013,/Skills/Leadership; 2019-2020; line 42,"During my second contract working for the LDS Church's ICS department in their Content and Media division I had the choice opportunity to mentor and train an intern, that had been attending classes at Weber State, in the art and skills of Software Quality Assurance and Automation Testing. I provided training in testing fundamentals including filing defects, creating test cases and test suites, and lastly assisted and guided in the development of automated API tests.",Src/Portfolio_Core/Portfolio/Pages/Skills/Leadership.cshtml; original section/anchor,Retained in original page,R01/R08; approved E30–E34/E51; docs/2026/10/08-owner-decisions.md,Source/anchor/reference comparison; final HTTP verification recorded separately
PAGE-Skills-Leadership-TEXT-014,/Skills/Leadership; 2019-2020; line 46,"After the contract concluded I hired on at Academy Mortgage Corporation as a Senior Software Engineer. After about a year I decided that I wanted to go into leadership and go into management. From there I briefly was the team lead for the one of the development teams but quickly was asked to take over responsibilities for DevOps and the ServiceNow team. However, this was short, and I was transitioned over to managing the DevOps and Quality Assurance Team.",Src/Portfolio_Core/Portfolio/Pages/Skills/Leadership.cshtml; original section/anchor,Retained in original page,R01/R08; approved E30–E34/E51; docs/2026/10/08-owner-decisions.md,Source/anchor/reference comparison; final HTTP verification recorded separately
PAGE-Skills-Leadership-TEXT-015,/Skills/Leadership; 2019-2020; line 50,"As the manager for the Quality Assurance (QA) team, I helped mentor and guide team members in better management of Test Cases and Test Suites within Azure DevOps. Some testing strategies and in improving the approach for using the Page Object Model for our development of automated User Interface testing. One of the tools that we use as Academy for Automation is a product called Ranorex. This tool as a Robotic Process Automation (RPA) tool that is designed for test engineers to both created click and record-based tests but also has the power to manage and create test automation suites that are dynamic.",Src/Portfolio_Core/Portfolio/Pages/Skills/Leadership.cshtml; original section/anchor,Retained in original page,R01/R08; approved E30–E34/E51; docs/2026/10/08-owner-decisions.md,Source/anchor/reference comparison; final HTTP verification recorded separately
PAGE-Skills-Leadership-TEXT-016,/Skills/Leadership; 2019-2020; line 55,Though the tool was designed for automating tests for web it was decided that using Selenium Web Driver was the better route. From there I created a Selenium Web Test Example using C# and Visual Studio as the IDE. This provided a framework to highlight different Development technologies and techniques in the QA Automation and Engineering discipline. I then provided this example project to my team members to illustrate an example of the design patterns that I wanted us to adopt at Academy Mortgage.,Src/Portfolio_Core/Portfolio/Pages/Skills/Leadership.cshtml; original section/anchor,Retained in original page,R01/R08; approved E30–E34/E51; docs/2026/10/08-owner-decisions.md,Source/anchor/reference comparison; final HTTP verification recorded separately
PAGE-Skills-Leadership-TEXT-017,/Skills/Leadership; 2019-2020; line 60,"Lastly, I had the distinct privilege of updating the Definition of the QA Engineering Role and organized and conducted interviews and made the final decision for hiring for our fourth Quality Assurance team member. This included a three round interview process where I performed the initial interview and then coordinated with both my team and then management for the final round. I also created a QA challenge questionnaire that requested from the candidates to perform some development work and other QA tasks that they would be asked to conduct on a day-to-day basis. Once I complete my hiring process, I am looking forward to working with the Human Resources department to separate and update the QA role between a functional test engineer and an automation test engineer creating the role within academy as a Software Development Engineer in Test (SDET).",Src/Portfolio_Core/Portfolio/Pages/Skills/Leadership.cshtml; original section/anchor,Retained in original page,R01/R08; approved E30–E34/E51; docs/2026/10/08-owner-decisions.md,Source/anchor/reference comparison; final HTTP verification recorded separately
PAGE-Skills-Leadership-TEXT-018,/Skills/Leadership; DevOps Manager; line 70,DevOps Manager,Src/Portfolio_Core/Portfolio/Pages/Skills/Leadership.cshtml; original section/anchor,Retained in original page,R01/R08; approved E30–E34/E51; docs/2026/10/08-owner-decisions.md,Source/anchor/reference comparison; final HTTP verification recorded separately
PAGE-Skills-Leadership-TEXT-019,/Skills/Leadership; 2018-2020; line 71,2018-2020,Src/Portfolio_Core/Portfolio/Pages/Skills/Leadership.cshtml; original section/anchor,Retained in original page,R01/R08; approved E30–E34/E51; docs/2026/10/08-owner-decisions.md,Source/anchor/reference comparison; final HTTP verification recorded separately
PAGE-Skills-Leadership-TEXT-020,/Skills/Leadership; 2018-2020; line 72,"While working for Academy Mortgage Corporation I became the DevOps Manager. One of the key directives I was provided was helping to drive automation adoption throughout Academy's IT department. This included Development, Operations, Information Security, and Support. One of the key projects that I championed was that of the adoption of SaltStack. With the key efforts of my primary DevOps Engineer SaltStack Enterprise was purchased and deployed within our environment. Before that we used SaltOpen. This open-source stack-based solution helped us to begin the process of automating infrastructure as code, automatic deployments of web and server Certs and automatic remediation of systems or services based on alerting and notifications.",Src/Portfolio_Core/Portfolio/Pages/Skills/Leadership.cshtml; original section/anchor,Retained in original page,R01/R08; approved E30–E34/E51; docs/2026/10/08-owner-decisions.md,Source/anchor/reference comparison; final HTTP verification recorded separately
PAGE-Skills-Leadership-TEXT-021,/Skills/Leadership; 2018-2020; line 79,"The primary tool that we managed as a part of our day-to-day processes was Azure DevOps from Microsoft where we managed projects, source code repositories, and the building and deployment of code through Continuous Integration / Continuous Deployment (CI/CD) process pipelines. We created pipelines for several deployment scenarios and depending upon the specified branch we would have an automatic build begin to build that particular branch's code. Once the build was complete, and the artifacts were stored on the build server the next job would begin, deployment. From there the deployment job would be initiated and would grab the newly created artifacts and push it out to the target deployment server.",Src/Portfolio_Core/Portfolio/Pages/Skills/Leadership.cshtml; original section/anchor,Retained in original page,R01/R08; approved E30–E34/E51; docs/2026/10/08-owner-decisions.md,Source/anchor/reference comparison; final HTTP verification recorded separately
PAGE-Skills-Leadership-TEXT-022,/Skills/Leadership; 2018-2020; line 86,"Production build and deployments were handled slightly differently. Anyone could start a build for the production master branch. However, deployments would need to go through an approval process. This was handled through our Change Advisory Board, which I was a member of. Change requests would be created detailing the change item, when it was to be deployed, risk assessment, rollback plans, tests, business approval, and most importantly impact communication plan.",Src/Portfolio_Core/Portfolio/Pages/Skills/Leadership.cshtml; original section/anchor,Retained in original page,R01/R08; approved E30–E34/E51; docs/2026/10/08-owner-decisions.md,Source/anchor/reference comparison; final HTTP verification recorded separately
PAGE-Skills-Leadership-TEXT-023,/Skills/Leadership; 2018-2020; line 92,"Something that is very important to me is self-development and improvement and while I was the DevOps and QA manager for Academy Mortgage, I had taken up additional activities around training and education. Each month I hosted a brown bag lunch for anyone who would like to attend and was interested in becoming a better Citizen Developer. This included various technologies and skill sets such as QA, Power Apps, Power Automate, C#, JavaScript, or any coding project. The Citizen Developer project was something that I organized and promoted within Academy Mortgage. What I would do was host a lunch and learn at least once a month where anyone who was a Software Engineer all the way down to a regular team member wanting to be a Citizen Developer and contributor could participate. Ideally, a different team would present at the lunch and learn, and the presentation would be recorded. I would take the recording, edit it, and then post the video for everyone to have access to it on Microsoft's Stream video hosting service. Additional resources and materials were also posted on The Citizen Developer SharePoint site.",Src/Portfolio_Core/Portfolio/Pages/Skills/Leadership.cshtml; original section/anchor,Retained in original page,R01/R08; approved E30–E34/E51; docs/2026/10/08-owner-decisions.md,Source/anchor/reference comparison; final HTTP verification recorded separately
PAGE-Skills-Leadership-TEXT-024,/Skills/Leadership; Dev Manager; line 104,Dev Manager,Src/Portfolio_Core/Portfolio/Pages/Skills/Leadership.cshtml; original section/anchor,Retained in original page,R01/R08; approved E30–E34/E51; docs/2026/10/08-owner-decisions.md,Source/anchor/reference comparison; final HTTP verification recorded separately
PAGE-Skills-Leadership-TEXT-025,/Skills/Leadership; 2018-2019; line 105,2018-2019,Src/Portfolio_Core/Portfolio/Pages/Skills/Leadership.cshtml; original section/anchor,Retained in original page,R01/R08; approved E30–E34/E51; docs/2026/10/08-owner-decisions.md,Source/anchor/reference comparison; final HTTP verification recorded separately
PAGE-Skills-Leadership-TEXT-026,/Skills/Leadership; 2018-2019; line 106,"At Academy Mortgage Corporation I was originally hired on as one of their Senior Software Engineers to provide value to the many loan officers that made up the various satellite offices all over the United States. After about a year I applied and then was promoted as a Working / Dev Manager for the Encompass Development Team. I later was reassigned to manage the DevOps and the Service Now Development Teams. Before leaving Academy Mortgage, I was assigned as the lead manager for internal automation services and handed the Service Now team to another manager and took on the Quality Assurance team.",Src/Portfolio_Core/Portfolio/Pages/Skills/Leadership.cshtml; original section/anchor,Retained in original page,R01/R08; approved E30–E34/E51; docs/2026/10/08-owner-decisions.md,Source/anchor/reference comparison; final HTTP verification recorded separately
PAGE-Skills-Leadership-TEXT-027,/Skills/Leadership; Scrum Master; line 114,Scrum Master,Src/Portfolio_Core/Portfolio/Pages/Skills/Leadership.cshtml; original section/anchor,Retained in original page,R01/R08; approved E30–E34/E51; docs/2026/10/08-owner-decisions.md,Source/anchor/reference comparison; final HTTP verification recorded separately
PAGE-Skills-Leadership-TEXT-028,"/Skills/Leadership; 2013,2018; line 115","2013,2018",Src/Portfolio_Core/Portfolio/Pages/Skills/Leadership.cshtml; original section/anchor,Retained in original page,R01/R08; approved E30–E34/E51; docs/2026/10/08-owner-decisions.md,Source/anchor/reference comparison; final HTTP verification recorded separately
PAGE-Skills-Leadership-TEXT-029,"/Skills/Leadership; 2013,2018; line 116","I have had the opportunity to work in various agile companies since 2009. My first experience with Agile started while working for Microsoft. Since then, I each company that I have worked for has utilized one form or another of the Agile methodologies. While working for Swipeclock they decided to invest in our team by training all of us in Agile. We each received our Scrum Master certification through the Platinum Edge training program. Since then, I have assisted in maintaining and keeping Agile practices where ever I have been. While at Academy Mortgage I was asked to be one of their Scrum Master’s and create training for our teams and Scrum Masters. My Scrum Master Deck >>",Src/Portfolio_Core/Portfolio/Pages/Skills/Leadership.cshtml; original section/anchor,Retained in original page,R01/R08; approved E30–E34/E51; docs/2026/10/08-owner-decisions.md,Source/anchor/reference comparison; final HTTP verification recorded separately
PAGE-Skills-Leadership-TEXT-030,/Skills/Leadership; Development Lead; line 126,Development Lead,Src/Portfolio_Core/Portfolio/Pages/Skills/Leadership.cshtml; original section/anchor,Retained in original page,R01/R08; approved E30–E34/E51; docs/2026/10/08-owner-decisions.md,Source/anchor/reference comparison; final HTTP verification recorded separately
PAGE-Skills-Leadership-TEXT-031,/Skills/Leadership; 2013-2014; line 127,2013-2014,Src/Portfolio_Core/Portfolio/Pages/Skills/Leadership.cshtml; original section/anchor,Retained in original page,R01/R08; approved E30–E34/E51; docs/2026/10/08-owner-decisions.md,Source/anchor/reference comparison; final HTTP verification recorded separately
PAGE-Skills-Leadership-TEXT-032,/Skills/Leadership; 2013-2014; line 128,"As I have grown in my experience as a Software Engineer, I have sought opportunities to be a leader among my peers. As a part of that career path, I have been able to function in the capacity as a development lead. It has been a wonderful introduction into the area of leadership and team management, and I look forward for further opportunities as I grow in my career.",Src/Portfolio_Core/Portfolio/Pages/Skills/Leadership.cshtml; original section/anchor,Retained in original page,R01/R08; approved E30–E34/E51; docs/2026/10/08-owner-decisions.md,Source/anchor/reference comparison; final HTTP verification recorded separately
PAGE-Skills-Leadership-TEXT-033,/Skills/Leadership; Two Year Service Mission; line 135,Two Year Service Mission,Src/Portfolio_Core/Portfolio/Pages/Skills/Leadership.cshtml; original section/anchor,Retained in original page,R01/R08; approved E30–E34/E51; docs/2026/10/08-owner-decisions.md,Source/anchor/reference comparison; final HTTP verification recorded separately
PAGE-Skills-Leadership-TEXT-034,/Skills/Leadership; 1999-2001; line 136,1999-2001,Src/Portfolio_Core/Portfolio/Pages/Skills/Leadership.cshtml; original section/anchor,Retained in original page,R01/R08; approved E30–E34/E51; docs/2026/10/08-owner-decisions.md,Source/anchor/reference comparison; final HTTP verification recorded separately
PAGE-Skills-Leadership-TEXT-035,/Skills/Leadership; 1999-2001; line 137,"I spent two years, on a service mission serving and helping people in the Tempe and Mesa Arizona area. I also had the choice opportunity to work and serve among the Native American people on the Glia River Reservation. I followed a regular daily morning and evening routine. There were numerus service projects, opportunities of meeting and working with people on the street, and in their homes. It was hard work and well worth the time and lessons learned in completing it.",Src/Portfolio_Core/Portfolio/Pages/Skills/Leadership.cshtml; original section/anchor,Retained in original page,R01/R08; approved E30–E34/E51; docs/2026/10/08-owner-decisions.md,Source/anchor/reference comparison; final HTTP verification recorded separately
PAGE-Skills-Leadership-TEXT-036,/Skills/Leadership; Personality and Leadership Profile; line 147,Personality and Leadership Profile,Src/Portfolio_Core/Portfolio/Pages/Skills/Leadership.cshtml; original section/anchor,Retained in original page,R01/R08; approved E30–E34/E51; docs/2026/10/08-owner-decisions.md,Source/anchor/reference comparison; final HTTP verification recorded separately
PAGE-Skills-Leadership-TEXT-038,/Skills/Leadership; Personality and Leadership Profile; line 150,Color Profile : Yellow / Red / Blue / White,Src/Portfolio_Core/Portfolio/Pages/Skills/Leadership.cshtml; original section/anchor,Retained in original page,R01/R08; approved E30–E34/E51; docs/2026/10/08-owner-decisions.md,Source/anchor/reference comparison; final HTTP verification recorded separately
PAGE-Skills-Leadership-TEXT-039,/Skills/Leadership; Personality and Leadership Profile; line 153,Greek Profile : Sanguine / Choleric / Melancholy / Phlegmatic,Src/Portfolio_Core/Portfolio/Pages/Skills/Leadership.cshtml; original section/anchor,Retained in original page,R01/R08; approved E30–E34/E51; docs/2026/10/08-owner-decisions.md,Source/anchor/reference comparison; final HTTP verification recorded separately
PAGE-Skills-Leadership-TEXT-041,/Skills/Leadership; Personality and Leadership Profile; line 160,"Strategic - People who are especially talented in the Strategic theme create alternate ways to proceeded. Faced with any given scenario, they can quickly spot the relevant patterns and issues.",Src/Portfolio_Core/Portfolio/Pages/Skills/Leadership.cshtml; original section/anchor,Retained in original page,R01/R08; approved E30–E34/E51; docs/2026/10/08-owner-decisions.md,Source/anchor/reference comparison; final HTTP verification recorded separately
PAGE-Skills-Leadership-TEXT-042,/Skills/Leadership; Personality and Leadership Profile; line 166,"Arranger - People who are especially talented in the Arranger theme can organize, but they also have a flexibility that complements this ability. They like to figure out how all of the pieces and resources can be arranged for maximum productivity.",Src/Portfolio_Core/Portfolio/Pages/Skills/Leadership.cshtml; original section/anchor,Retained in original page,R01/R08; approved E30–E34/E51; docs/2026/10/08-owner-decisions.md,Source/anchor/reference comparison; final HTTP verification recorded separately
PAGE-Skills-Leadership-TEXT-043,/Skills/Leadership; Personality and Leadership Profile; line 172,Intellection - People who are especially talented in the intellection theme are characterized by their intellectual activity. They are introspective and appreciate intellectual discussions.,Src/Portfolio_Core/Portfolio/Pages/Skills/Leadership.cshtml; original section/anchor,Retained in original page,R01/R08; approved E30–E34/E51; docs/2026/10/08-owner-decisions.md,Source/anchor/reference comparison; final HTTP verification recorded separately
PAGE-Skills-Leadership-TEXT-044,/Skills/Leadership; Personality and Leadership Profile; line 178,Responsibility - People who are especially talented in the Responsibility theme psychological ownership of what they say they will do. They are committed to stable values such as honesty and loyalty.,Src/Portfolio_Core/Portfolio/Pages/Skills/Leadership.cshtml; original section/anchor,Retained in original page,R01/R08; approved E30–E34/E51; docs/2026/10/08-owner-decisions.md,Source/anchor/reference comparison; final HTTP verification recorded separately
PAGE-Skills-Leadership-TEXT-045,/Skills/Leadership; Personality and Leadership Profile; line 184,Futuristic - People who are especially talented in the Futuristic theme are inspired by the future and what could be. They inspire others with their visions of the future.,Src/Portfolio_Core/Portfolio/Pages/Skills/Leadership.cshtml; original section/anchor,Retained in original page,R01/R08; approved E30–E34/E51; docs/2026/10/08-owner-decisions.md,Source/anchor/reference comparison; final HTTP verification recorded separately
PAGE-Skills-Leadership-TEXT-046,"/Skills/Leadership; Seminars, Trainings, Audios; line 193","Seminars, Trainings, Audios",Src/Portfolio_Core/Portfolio/Pages/Skills/Leadership.cshtml; original section/anchor,Retained in original page,R01/R08; approved E30–E34/E51; docs/2026/10/08-owner-decisions.md,Source/anchor/reference comparison; final HTTP verification recorded separately
PAGE-Skills-Leadership-TEXT-048,"/Skills/Leadership; Seminars, Trainings, Audios; line 196",Seminars,Src/Portfolio_Core/Portfolio/Pages/Skills/Leadership.cshtml; original section/anchor,Retained in original page,R01/R08; approved E30–E34/E51; docs/2026/10/08-owner-decisions.md,Source/anchor/reference comparison; final HTTP verification recorded separately
PAGE-Skills-Leadership-TEXT-049,"/Skills/Leadership; Seminars, Trainings, Audios; line 199",3 Key Elements - Master your Influence,Src/Portfolio_Core/Portfolio/Pages/Skills/Leadership.cshtml; original section/anchor,Retained in original page,R01/R08; approved E30–E34/E51; docs/2026/10/08-owner-decisions.md,Source/anchor/reference comparison; final HTTP verification recorded separately
PAGE-Skills-Leadership-TEXT-050,"/Skills/Leadership; Seminars, Trainings, Audios; line 200",3 Key Elements - Present Yourself,Src/Portfolio_Core/Portfolio/Pages/Skills/Leadership.cshtml; original section/anchor,Retained in original page,R01/R08; approved E30–E34/E51; docs/2026/10/08-owner-decisions.md,Source/anchor/reference comparison; final HTTP verification recorded separately
PAGE-Skills-Leadership-TEXT-051,"/Skills/Leadership; Seminars, Trainings, Audios; line 201",3 Key Elements - The Art of Mentoring,Src/Portfolio_Core/Portfolio/Pages/Skills/Leadership.cshtml; original section/anchor,Retained in original page,R01/R08; approved E30–E34/E51; docs/2026/10/08-owner-decisions.md,Source/anchor/reference comparison; final HTTP verification recorded separately
PAGE-Skills-Leadership-TEXT-052,"/Skills/Leadership; Seminars, Trainings, Audios; line 202",3 Key Elements - The Launch,Src/Portfolio_Core/Portfolio/Pages/Skills/Leadership.cshtml; original section/anchor,Retained in original page,R01/R08; approved E30–E34/E51; docs/2026/10/08-owner-decisions.md,Source/anchor/reference comparison; final HTTP verification recorded separately
PAGE-Skills-Leadership-TEXT-053,"/Skills/Leadership; Seminars, Trainings, Audios; line 203",3 Key Elements - Energy Rich Life,Src/Portfolio_Core/Portfolio/Pages/Skills/Leadership.cshtml; original section/anchor,Retained in original page,R01/R08; approved E30–E34/E51; docs/2026/10/08-owner-decisions.md,Source/anchor/reference comparison; final HTTP verification recorded separately
PAGE-Skills-Leadership-TEXT-054,"/Skills/Leadership; Seminars, Trainings, Audios; line 204",3 Key Elements - My Life Coach,Src/Portfolio_Core/Portfolio/Pages/Skills/Leadership.cshtml; original section/anchor,Retained in original page,R01/R08; approved E30–E34/E51; docs/2026/10/08-owner-decisions.md,Source/anchor/reference comparison; final HTTP verification recorded separately
PAGE-Skills-Leadership-TEXT-055,"/Skills/Leadership; Seminars, Trainings, Audios; line 205",3 Key Elements - The Elite,Src/Portfolio_Core/Portfolio/Pages/Skills/Leadership.cshtml; original section/anchor,Retained in original page,R01/R08; approved E30–E34/E51; docs/2026/10/08-owner-decisions.md,Source/anchor/reference comparison; final HTTP verification recorded separately
PAGE-Skills-Leadership-TEXT-056,"/Skills/Leadership; Seminars, Trainings, Audios; line 208",Trainings,Src/Portfolio_Core/Portfolio/Pages/Skills/Leadership.cshtml; original section/anchor,Retained in original page,R01/R08; approved E30–E34/E51; docs/2026/10/08-owner-decisions.md,Source/anchor/reference comparison; final HTTP verification recorded separately
PAGE-Skills-Leadership-TEXT-057,"/Skills/Leadership; Seminars, Trainings, Audios; line 211",Platinum Edge - Scrum Master Certification,Src/Portfolio_Core/Portfolio/Pages/Skills/Leadership.cshtml; original section/anchor,Retained in original page,R01/R08; approved E30–E34/E51; docs/2026/10/08-owner-decisions.md,Source/anchor/reference comparison; final HTTP verification recorded separately
PAGE-Skills-Leadership-TEXT-058,"/Skills/Leadership; Seminars, Trainings, Audios; line 214",Audios,Src/Portfolio_Core/Portfolio/Pages/Skills/Leadership.cshtml; original section/anchor,Retained in original page,R01/R08; approved E30–E34/E51; docs/2026/10/08-owner-decisions.md,Source/anchor/reference comparison; final HTTP verification recorded separately
PAGE-Skills-Leadership-TEXT-059,"/Skills/Leadership; Seminars, Trainings, Audios; line 217",Ditch Rider by Oliver DeMille,Src/Portfolio_Core/Portfolio/Pages/Skills/Leadership.cshtml; original section/anchor,Retained in original page,R01/R08; approved E30–E34/E51; docs/2026/10/08-owner-decisions.md,Source/anchor/reference comparison; final HTTP verification recorded separately
PAGE-Skills-Leadership-TEXT-060,/Skills/Leadership; My Book List; line 224,My Book List,Src/Portfolio_Core/Portfolio/Pages/Skills/Leadership.cshtml; original section/anchor,Retained in original page,R01/R08; approved E30–E34/E51; docs/2026/10/08-owner-decisions.md,Source/anchor/reference comparison; final HTTP verification recorded separately
PAGE-Skills-Leadership-TEXT-062,/Skills/Leadership; My Book List; line 227,Books I've Read or Listened To,Src/Portfolio_Core/Portfolio/Pages/Skills/Leadership.cshtml; original section/anchor,Retained in original page,R01/R08; approved E30–E34/E51; docs/2026/10/08-owner-decisions.md,Source/anchor/reference comparison; final HTTP verification recorded separately
PAGE-Skills-Leadership-TEXT-063,/Skills/Leadership; My Book List; line 230,Be Our Guest by The Disney Institute by Theodore Kinni,Src/Portfolio_Core/Portfolio/Pages/Skills/Leadership.cshtml; original section/anchor,Retained in original page,R01/R08; approved E30–E34/E51; docs/2026/10/08-owner-decisions.md,Source/anchor/reference comparison; final HTTP verification recorded separately
PAGE-Skills-Leadership-TEXT-064,/Skills/Leadership; My Book List; line 233,Extreme Ownership: How U.S. Navy SEALs Lead and Win by Jocko Willink,Src/Portfolio_Core/Portfolio/Pages/Skills/Leadership.cshtml; original section/anchor,Retained in original page,R01/R08; approved E30–E34/E51; docs/2026/10/08-owner-decisions.md,Source/anchor/reference comparison; final HTTP verification recorded separately
PAGE-Skills-Leadership-TEXT-065,/Skills/Leadership; My Book List; line 236,Apology by Plato,Src/Portfolio_Core/Portfolio/Pages/Skills/Leadership.cshtml; original section/anchor,Retained in original page,R01/R08; approved E30–E34/E51; docs/2026/10/08-owner-decisions.md,Source/anchor/reference comparison; final HTTP verification recorded separately
PAGE-Skills-Leadership-TEXT-066,/Skills/Leadership; My Book List; line 239,"The Phoenix Project: A Novel about IT, DevOps, and Helping Your Business Win by Gene Kim, Kevin Behr, George Spafford",Src/Portfolio_Core/Portfolio/Pages/Skills/Leadership.cshtml; original section/anchor,Retained in original page,R01/R08; approved E30–E34/E51; docs/2026/10/08-owner-decisions.md,Source/anchor/reference comparison; final HTTP verification recorded separately
PAGE-Skills-Leadership-TEXT-067,/Skills/Leadership; My Book List; line 242,"The Go-Giver, Expanded Edition by Bob Burg, John David Mann",Src/Portfolio_Core/Portfolio/Pages/Skills/Leadership.cshtml; original section/anchor,Retained in original page,R01/R08; approved E30–E34/E51; docs/2026/10/08-owner-decisions.md,Source/anchor/reference comparison; final HTTP verification recorded separately
PAGE-Skills-Leadership-TEXT-068,/Skills/Leadership; My Book List; line 245,"Influencer: The New Science of Leading Change by Joseph Grenny, Kerry Patterson, et al.",Src/Portfolio_Core/Portfolio/Pages/Skills/Leadership.cshtml; original section/anchor,Retained in original page,R01/R08; approved E30–E34/E51; docs/2026/10/08-owner-decisions.md,Source/anchor/reference comparison; final HTTP verification recorded separately
PAGE-Skills-Leadership-TEXT-069,/Skills/Leadership; My Book List; line 248,"The Outward Mindset by The Arbinger Institute, Oliver Wyman, et al.",Src/Portfolio_Core/Portfolio/Pages/Skills/Leadership.cshtml; original section/anchor,Retained in original page,R01/R08; approved E30–E34/E51; docs/2026/10/08-owner-decisions.md,Source/anchor/reference comparison; final HTTP verification recorded separately
PAGE-Skills-Leadership-TEXT-070,/Skills/Leadership; My Book List; line 251,"Crucial Conversations by Kerry Patterson, Joseph Grenny, et al.",Src/Portfolio_Core/Portfolio/Pages/Skills/Leadership.cshtml; original section/anchor,Retained in original page,R01/R08; approved E30–E34/E51; docs/2026/10/08-owner-decisions.md,Source/anchor/reference comparison; final HTTP verification recorded separately
PAGE-Skills-Leadership-TEXT-071,/Skills/Leadership; My Book List; line 254,"Emotional Intelligence 2.0 by Travis Bradberry, Jean Greaves",Src/Portfolio_Core/Portfolio/Pages/Skills/Leadership.cshtml; original section/anchor,Retained in original page,R01/R08; approved E30–E34/E51; docs/2026/10/08-owner-decisions.md,Source/anchor/reference comparison; final HTTP verification recorded separately
PAGE-Skills-Leadership-TEXT-072,/Skills/Leadership; My Book List; line 257,The First 90 Days by Michael Watkins,Src/Portfolio_Core/Portfolio/Pages/Skills/Leadership.cshtml; original section/anchor,Retained in original page,R01/R08; approved E30–E34/E51; docs/2026/10/08-owner-decisions.md,Source/anchor/reference comparison; final HTTP verification recorded separately
PAGE-Skills-Leadership-TEXT-073,/Skills/Leadership; My Book List; line 260,Think and Grow Rich by Napoleon Hill,Src/Portfolio_Core/Portfolio/Pages/Skills/Leadership.cshtml; original section/anchor,Retained in original page,R01/R08; approved E30–E34/E51; docs/2026/10/08-owner-decisions.md,Source/anchor/reference comparison; final HTTP verification recorded separately
PAGE-Skills-Leadership-TEXT-074,/Skills/Leadership; My Book List; line 263,Good to Great by Jim Collins,Src/Portfolio_Core/Portfolio/Pages/Skills/Leadership.cshtml; original section/anchor,Retained in original page,R01/R08; approved E30–E34/E51; docs/2026/10/08-owner-decisions.md,Source/anchor/reference comparison; final HTTP verification recorded separately
PAGE-Skills-Leadership-TEXT-075,/Skills/Leadership; My Book List; line 266,The Magic of Thinking Big by David Schwartz,Src/Portfolio_Core/Portfolio/Pages/Skills/Leadership.cshtml; original section/anchor,Retained in original page,R01/R08; approved E30–E34/E51; docs/2026/10/08-owner-decisions.md,Source/anchor/reference comparison; final HTTP verification recorded separately
PAGE-Skills-Leadership-TEXT-076,/Skills/Leadership; My Book List; line 269,How to Win Friends and Influence People by Dale Carnegie,Src/Portfolio_Core/Portfolio/Pages/Skills/Leadership.cshtml; original section/anchor,Retained in original page,R01/R08; approved E30–E34/E51; docs/2026/10/08-owner-decisions.md,Source/anchor/reference comparison; final HTTP verification recorded separately
PAGE-Skills-Leadership-TEXT-077,/Skills/Leadership; My Book List; line 272,Jack Rabbit Factor by Leslie Householder,Src/Portfolio_Core/Portfolio/Pages/Skills/Leadership.cshtml; original section/anchor,Retained in original page,R01/R08; approved E30–E34/E51; docs/2026/10/08-owner-decisions.md,Source/anchor/reference comparison; final HTTP verification recorded separately
PAGE-Skills-Leadership-TEXT-079,/Skills/Leadership; My Book List; line 279,Books In Process of being Read,Src/Portfolio_Core/Portfolio/Pages/Skills/Leadership.cshtml; original section/anchor,Retained in original page,R01/R08; approved E30–E34/E51; docs/2026/10/08-owner-decisions.md,Source/anchor/reference comparison; final HTTP verification recorded separately
PAGE-Skills-Leadership-TEXT-080,/Skills/Leadership; My Book List; line 282,Leaders Eat Last by Simon Sinek,Src/Portfolio_Core/Portfolio/Pages/Skills/Leadership.cshtml; original section/anchor,Retained in original page,R01/R08; approved E30–E34/E51; docs/2026/10/08-owner-decisions.md,Source/anchor/reference comparison; final HTTP verification recorded separately
PAGE-Skills-Leadership-TEXT-081,/Skills/Leadership; My Book List; line 285,You Were Born Rich by Bob Proctor,Src/Portfolio_Core/Portfolio/Pages/Skills/Leadership.cshtml; original section/anchor,Retained in original page,R01/R08; approved E30–E34/E51; docs/2026/10/08-owner-decisions.md,Source/anchor/reference comparison; final HTTP verification recorded separately
PAGE-Skills-Leadership-TEXT-082,/Skills/Leadership; My Book List; line 288,"Parenting with Love and Logic by Foster Cline, Jim Fay",Src/Portfolio_Core/Portfolio/Pages/Skills/Leadership.cshtml; original section/anchor,Retained in original page,R01/R08; approved E30–E34/E51; docs/2026/10/08-owner-decisions.md,Source/anchor/reference comparison; final HTTP verification recorded separately
PAGE-Skills-Leadership-TEXT-083,/Skills/Leadership; My Book List; line 291,"The Millionaire Next Door: The Surpising Secrets of America's Wealthy by William D. Danko, Thomas J. Stanley",Src/Portfolio_Core/Portfolio/Pages/Skills/Leadership.cshtml; original section/anchor,Retained in original page,R01/R08; approved E30–E34/E51; docs/2026/10/08-owner-decisions.md,Source/anchor/reference comparison; final HTTP verification recorded separately
PAGE-Skills-Leadership-TEXT-085,/Skills/Leadership; My Book List; line 298,Books I've not yet Read,Src/Portfolio_Core/Portfolio/Pages/Skills/Leadership.cshtml; original section/anchor,Retained in original page,R01/R08; approved E30–E34/E51; docs/2026/10/08-owner-decisions.md,Source/anchor/reference comparison; final HTTP verification recorded separately
PAGE-Skills-Leadership-TEXT-086,/Skills/Leadership; My Book List; line 301,"The Federalist Papers by Alexander Hamilton, James Madison, et al.",Src/Portfolio_Core/Portfolio/Pages/Skills/Leadership.cshtml; original section/anchor,Retained in original page,R01/R08; approved E30–E34/E51; docs/2026/10/08-owner-decisions.md,Source/anchor/reference comparison; final HTTP verification recorded separately
PAGE-Skills-Leadership-TEXT-087,/Skills/Leadership; My Book List; line 304,The Infinite Game by Simon Sinek,Src/Portfolio_Core/Portfolio/Pages/Skills/Leadership.cshtml; original section/anchor,Retained in original page,R01/R08; approved E30–E34/E51; docs/2026/10/08-owner-decisions.md,Source/anchor/reference comparison; final HTTP verification recorded separately
PAGE-Skills-Leadership-TEXT-088,/Skills/Leadership; My Book List; line 307,Start with Why: How Great Leaders Inspire Everyone to Take Action by Simon Sinek,Src/Portfolio_Core/Portfolio/Pages/Skills/Leadership.cshtml; original section/anchor,Retained in original page,R01/R08; approved E30–E34/E51; docs/2026/10/08-owner-decisions.md,Source/anchor/reference comparison; final HTTP verification recorded separately
PAGE-Skills-Leadership-TEXT-089,/Skills/Leadership; My Book List; line 310,"Positive Discipline: The Classic Guide to Helping Children Develop Self-Discipline, Responsibility, Cooperation, and Problem-Solving Skills by Jane Nelsen EdD",Src/Portfolio_Core/Portfolio/Pages/Skills/Leadership.cshtml; original section/anchor,Retained in original page,R01/R08; approved E30–E34/E51; docs/2026/10/08-owner-decisions.md,Source/anchor/reference comparison; final HTTP verification recorded separately
PAGE-Skills-Leadership-TEXT-090,/Skills/Leadership; My Book List; line 313,The Liberty Amendments by Mark R. Levin,Src/Portfolio_Core/Portfolio/Pages/Skills/Leadership.cshtml; original section/anchor,Retained in original page,R01/R08; approved E30–E34/E51; docs/2026/10/08-owner-decisions.md,Source/anchor/reference comparison; final HTTP verification recorded separately
PAGE-Skills-Leadership-TEXT-091,/Skills/Leadership; My Book List; line 316,The Child Whisperer by Carol Tuttle,Src/Portfolio_Core/Portfolio/Pages/Skills/Leadership.cshtml; original section/anchor,Retained in original page,R01/R08; approved E30–E34/E51; docs/2026/10/08-owner-decisions.md,Source/anchor/reference comparison; final HTTP verification recorded separately
PAGE-Skills-Leadership-TEXT-092,/Skills/Leadership; My Book List; line 319,Crossing the Chasm by Geoffrey A. Moore,Src/Portfolio_Core/Portfolio/Pages/Skills/Leadership.cshtml; original section/anchor,Retained in original page,R01/R08; approved E30–E34/E51; docs/2026/10/08-owner-decisions.md,Source/anchor/reference comparison; final HTTP verification recorded separately
PAGE-Skills-Leadership-TEXT-093,/Skills/Leadership; My Book List; line 322,Side Hustle by Chris Guillebeau,Src/Portfolio_Core/Portfolio/Pages/Skills/Leadership.cshtml; original section/anchor,Retained in original page,R01/R08; approved E30–E34/E51; docs/2026/10/08-owner-decisions.md,Source/anchor/reference comparison; final HTTP verification recorded separately
PAGE-Skills-Leadership-TEXT-094,/Skills/Leadership; My Book List; line 325,The 7 Habits of Highly Effective People: Powerful Lessons in Personal Change by Stephen R. Covey,Src/Portfolio_Core/Portfolio/Pages/Skills/Leadership.cshtml; original section/anchor,Retained in original page,R01/R08; approved E30–E34/E51; docs/2026/10/08-owner-decisions.md,Source/anchor/reference comparison; final HTTP verification recorded separately
PAGE-Skills-Leadership-TEXT-095,/Skills/Leadership; My Book List; line 328,The Richest Man in Babylon by George S. Clason,Src/Portfolio_Core/Portfolio/Pages/Skills/Leadership.cshtml; original section/anchor,Retained in original page,R01/R08; approved E30–E34/E51; docs/2026/10/08-owner-decisions.md,Source/anchor/reference comparison; final HTTP verification recorded separately
PAGE-Skills-Leadership-TEXT-096,/Skills/Leadership; My Book List; line 331,The Power of Habit: Why We Do What We Do in Life and Business by Charles Duhigg,Src/Portfolio_Core/Portfolio/Pages/Skills/Leadership.cshtml; original section/anchor,Retained in original page,R01/R08; approved E30–E34/E51; docs/2026/10/08-owner-decisions.md,Source/anchor/reference comparison; final HTTP verification recorded separately
PAGE-Skills-Leadership-TEXT-097,/Skills/Leadership; My Book List; line 334,The 5 Levels of Leadership: Proven Steps to Maximize Your Potential by John C. Maxwell,Src/Portfolio_Core/Portfolio/Pages/Skills/Leadership.cshtml; original section/anchor,Retained in original page,R01/R08; approved E30–E34/E51; docs/2026/10/08-owner-decisions.md,Source/anchor/reference comparison; final HTTP verification recorded separately
PAGE-Skills-Leadership-TEXT-098,/Skills/Leadership; My Book List; line 337,Procrastinate on Purpose: 5 Permissions to Multiply Your Time by Rory Vaden,Src/Portfolio_Core/Portfolio/Pages/Skills/Leadership.cshtml; original section/anchor,Retained in original page,R01/R08; approved E30–E34/E51; docs/2026/10/08-owner-decisions.md,Source/anchor/reference comparison; final HTTP verification recorded separately
PAGE-Skills-Leadership-TEXT-099,/Skills/Leadership; My Book List; line 345,A Practical Guid to Mindful Meditation by Michael Bunting with Patrick Kearney,Src/Portfolio_Core/Portfolio/Pages/Skills/Leadership.cshtml; original section/anchor,Retained in original page,R01/R08; approved E30–E34/E51; docs/2026/10/08-owner-decisions.md,Source/anchor/reference comparison; final HTTP verification recorded separately
PAGE-Skills-Leadership-TEXT-100,/Skills/Leadership; My Book List; line 348,The Mindful Leader by Michael Bunting,Src/Portfolio_Core/Portfolio/Pages/Skills/Leadership.cshtml; original section/anchor,Retained in original page,R01/R08; approved E30–E34/E51; docs/2026/10/08-owner-decisions.md,Source/anchor/reference comparison; final HTTP verification recorded separately
PAGE-Skills-Leadership-REF-001,/Skills/Leadership; line 122,"{""line"": 122, ""tag"": ""a"", ""attribute"": ""href"", ""target"": ""~/content/documents/2018_Scrum_Master.pptx"", ""attributes"": {""class"": ""btn btn-site"", ""href"": ""~/content/documents/2018_Scrum_Master.pptx"", ""target"": ""_blank"", ""rel"": ""noopener"", ""style"": ""background:#2e86c1; color:white; font-weight:bold;""}}",Src/Portfolio_Core/Portfolio/Pages/Skills/Leadership.cshtml; original section/anchor,Retained in original page,R01/R08; approved E30–E34/E51; docs/2026/10/08-owner-decisions.md,Source/anchor/reference comparison; final HTTP verification recorded separately
PAGE-Skills-Leadership-REF-002,/Skills/Leadership; line 231,"{""line"": 231, ""tag"": ""a"", ""attribute"": ""href"", ""target"": ""https://amzn.to/2XN9X7J"", ""attributes"": {""href"": ""https://amzn.to/2XN9X7J"", ""target"": ""_blank"", ""rel"": ""noopener""}}",Src/Portfolio_Core/Portfolio/Pages/Skills/Leadership.cshtml; original section/anchor,Retained in original page,R01/R08; approved E30–E34/E51; docs/2026/10/08-owner-decisions.md,Source/anchor/reference comparison; final HTTP verification recorded separately
PAGE-Skills-Leadership-REF-003,/Skills/Leadership; line 234,"{""line"": 234, ""tag"": ""a"", ""attribute"": ""href"", ""target"": ""https://amzn.to/3LJzx7B\"""", ""attributes"": {""href"": ""https://amzn.to/3LJzx7B\"""", ""target"": ""_blank"", ""rel"": ""noopener""}}",Src/Portfolio_Core/Portfolio/Pages/Skills/Leadership.cshtml; original section/anchor,Retained in original page,R01/R08; approved E30–E34/E51; docs/2026/10/08-owner-decisions.md,Source/anchor/reference comparison; final HTTP verification recorded separately
PAGE-Skills-Leadership-REF-004,/Skills/Leadership; line 237,"{""line"": 237, ""tag"": ""a"", ""attribute"": ""href"", ""target"": ""https://amzn.to/3djTD4W"", ""attributes"": {""href"": ""https://amzn.to/3djTD4W"", ""target"": ""_blank"", ""rel"": ""noopener""}}",Src/Portfolio_Core/Portfolio/Pages/Skills/Leadership.cshtml; original section/anchor,Retained in original page,R01/R08; approved E30–E34/E51; docs/2026/10/08-owner-decisions.md,Source/anchor/reference comparison; final HTTP verification recorded separately
PAGE-Skills-Leadership-REF-005,/Skills/Leadership; line 240,"{""line"": 240, ""tag"": ""a"", ""attribute"": ""href"", ""target"": ""https://amzn.to/3jeUGJn"", ""attributes"": {""href"": ""https://amzn.to/3jeUGJn"", ""target"": ""_blank"", ""rel"": ""noopener""}}",Src/Portfolio_Core/Portfolio/Pages/Skills/Leadership.cshtml; original section/anchor,Retained in original page,R01/R08; approved E30–E34/E51; docs/2026/10/08-owner-decisions.md,Source/anchor/reference comparison; final HTTP verification recorded separately
PAGE-Skills-Leadership-REF-006,/Skills/Leadership; line 243,"{""line"": 243, ""tag"": ""a"", ""attribute"": ""href"", ""target"": ""https://amzn.to/2MbHOBV"", ""attributes"": {""href"": ""https://amzn.to/2MbHOBV"", ""target"": ""_blank"", ""rel"": ""noopener""}}",Src/Portfolio_Core/Portfolio/Pages/Skills/Leadership.cshtml; original section/anchor,Retained in original page,R01/R08; approved E30–E34/E51; docs/2026/10/08-owner-decisions.md,Source/anchor/reference comparison; final HTTP verification recorded separately
PAGE-Skills-Leadership-REF-007,/Skills/Leadership; line 246,"{""line"": 246, ""tag"": ""a"", ""attribute"": ""href"", ""target"": ""https://amzn.to/2ru9Lhj"", ""attributes"": {""href"": ""https://amzn.to/2ru9Lhj"", ""target"": ""_blank"", ""rel"": ""noopener""}}",Src/Portfolio_Core/Portfolio/Pages/Skills/Leadership.cshtml; original section/anchor,Retained in original page,R01/R08; approved E30–E34/E51; docs/2026/10/08-owner-decisions.md,Source/anchor/reference comparison; final HTTP verification recorded separately
PAGE-Skills-Leadership-REF-008,/Skills/Leadership; line 249,"{""line"": 249, ""tag"": ""a"", ""attribute"": ""href"", ""target"": ""https://amzn.to/32yFn28"", ""attributes"": {""href"": ""https://amzn.to/32yFn28"", ""target"": ""_blank"", ""rel"": ""noopener""}}",Src/Portfolio_Core/Portfolio/Pages/Skills/Leadership.cshtml; original section/anchor,Retained in original page,R01/R08; approved E30–E34/E51; docs/2026/10/08-owner-decisions.md,Source/anchor/reference comparison; final HTTP verification recorded separately
PAGE-Skills-Leadership-REF-009,/Skills/Leadership; line 252,"{""line"": 252, ""tag"": ""a"", ""attribute"": ""href"", ""target"": ""https://amzn.to/32FNfPG"", ""attributes"": {""href"": ""https://amzn.to/32FNfPG"", ""target"": ""_blank"", ""rel"": ""noopener""}}",Src/Portfolio_Core/Portfolio/Pages/Skills/Leadership.cshtml; original section/anchor,Retained in original page,R01/R08; approved E30–E34/E51; docs/2026/10/08-owner-decisions.md,Source/anchor/reference comparison; final HTTP verification recorded separately
PAGE-Skills-Leadership-REF-010,/Skills/Leadership; line 255,"{""line"": 255, ""tag"": ""a"", ""attribute"": ""href"", ""target"": ""https://amzn.to/32FNfPG"", ""attributes"": {""href"": ""https://amzn.to/32FNfPG"", ""target"": ""_blank"", ""rel"": ""noopener""}}",Src/Portfolio_Core/Portfolio/Pages/Skills/Leadership.cshtml; original section/anchor,Retained in original page,R01/R08; approved E30–E34/E51; docs/2026/10/08-owner-decisions.md,Source/anchor/reference comparison; final HTTP verification recorded separately
PAGE-Skills-Leadership-REF-011,/Skills/Leadership; line 258,"{""line"": 258, ""tag"": ""a"", ""attribute"": ""href"", ""target"": ""https://amzn.to/2Jl5JON"", ""attributes"": {""href"": ""https://amzn.to/2Jl5JON"", ""target"": ""_blank"", ""rel"": ""noopener""}}",Src/Portfolio_Core/Portfolio/Pages/Skills/Leadership.cshtml; original section/anchor,Retained in original page,R01/R08; approved E30–E34/E51; docs/2026/10/08-owner-decisions.md,Source/anchor/reference comparison; final HTTP verification recorded separately
PAGE-Skills-Leadership-REF-012,/Skills/Leadership; line 261,"{""line"": 261, ""tag"": ""a"", ""attribute"": ""href"", ""target"": ""https://amzn.to/2JmEPWH"", ""attributes"": {""href"": ""https://amzn.to/2JmEPWH"", ""target"": ""_blank"", ""rel"": ""noopener""}}",Src/Portfolio_Core/Portfolio/Pages/Skills/Leadership.cshtml; original section/anchor,Retained in original page,R01/R08; approved E30–E34/E51; docs/2026/10/08-owner-decisions.md,Source/anchor/reference comparison; final HTTP verification recorded separately
PAGE-Skills-Leadership-REF-013,/Skills/Leadership; line 264,"{""line"": 264, ""tag"": ""a"", ""attribute"": ""href"", ""target"": ""https://amzn.to/2G0chQI"", ""attributes"": {""href"": ""https://amzn.to/2G0chQI"", ""target"": ""_blank"", ""rel"": ""noopener""}}",Src/Portfolio_Core/Portfolio/Pages/Skills/Leadership.cshtml; original section/anchor,Retained in original page,R01/R08; approved E30–E34/E51; docs/2026/10/08-owner-decisions.md,Source/anchor/reference comparison; final HTTP verification recorded separately
PAGE-Skills-Leadership-REF-014,/Skills/Leadership; line 267,"{""line"": 267, ""tag"": ""a"", ""attribute"": ""href"", ""target"": ""https://amzn.to/2L7fAtT"", ""attributes"": {""href"": ""https://amzn.to/2L7fAtT"", ""target"": ""_blank"", ""rel"": ""noopener""}}",Src/Portfolio_Core/Portfolio/Pages/Skills/Leadership.cshtml; original section/anchor,Retained in original page,R01/R08; approved E30–E34/E51; docs/2026/10/08-owner-decisions.md,Source/anchor/reference comparison; final HTTP verification recorded separately
PAGE-Skills-Leadership-REF-015,/Skills/Leadership; line 270,"{""line"": 270, ""tag"": ""a"", ""attribute"": ""href"", ""target"": ""https://amzn.to/2LaLIwt"", ""attributes"": {""href"": ""https://amzn.to/2LaLIwt"", ""target"": ""_blank"", ""rel"": ""noopener""}}",Src/Portfolio_Core/Portfolio/Pages/Skills/Leadership.cshtml; original section/anchor,Retained in original page,R01/R08; approved E30–E34/E51; docs/2026/10/08-owner-decisions.md,Source/anchor/reference comparison; final HTTP verification recorded separately
PAGE-Skills-Leadership-REF-016,/Skills/Leadership; line 273,"{""line"": 273, ""tag"": ""a"", ""attribute"": ""href"", ""target"": ""https://amzn.to/2GfeVm7"", ""attributes"": {""href"": ""https://amzn.to/2GfeVm7"", ""target"": ""_blank"", ""rel"": ""noopener""}}",Src/Portfolio_Core/Portfolio/Pages/Skills/Leadership.cshtml; original section/anchor,Retained in original page,R01/R08; approved E30–E34/E51; docs/2026/10/08-owner-decisions.md,Source/anchor/reference comparison; final HTTP verification recorded separately
PAGE-Skills-Leadership-REF-017,/Skills/Leadership; line 283,"{""line"": 283, ""tag"": ""a"", ""attribute"": ""href"", ""target"": ""https://amzn.to/2ZQtpTP"", ""attributes"": {""href"": ""https://amzn.to/2ZQtpTP"", ""target"": ""_blank"", ""rel"": ""noopener""}}",Src/Portfolio_Core/Portfolio/Pages/Skills/Leadership.cshtml; original section/anchor,Retained in original page,R01/R08; approved E30–E34/E51; docs/2026/10/08-owner-decisions.md,Source/anchor/reference comparison; final HTTP verification recorded separately
PAGE-Skills-Leadership-REF-018,/Skills/Leadership; line 286,"{""line"": 286, ""tag"": ""a"", ""attribute"": ""href"", ""target"": ""https://amzn.to/2G4mL1D"", ""attributes"": {""href"": ""https://amzn.to/2G4mL1D"", ""target"": ""_blank"", ""rel"": ""noopener""}}",Src/Portfolio_Core/Portfolio/Pages/Skills/Leadership.cshtml; original section/anchor,Retained in original page,R01/R08; approved E30–E34/E51; docs/2026/10/08-owner-decisions.md,Source/anchor/reference comparison; final HTTP verification recorded separately
PAGE-Skills-Leadership-REF-019,/Skills/Leadership; line 289,"{""line"": 289, ""tag"": ""a"", ""attribute"": ""href"", ""target"": ""https://amzn.to/2Xfuh2L"", ""attributes"": {""href"": ""https://amzn.to/2Xfuh2L"", ""target"": ""_blank"", ""rel"": ""noopener""}}",Src/Portfolio_Core/Portfolio/Pages/Skills/Leadership.cshtml; original section/anchor,Retained in original page,R01/R08; approved E30–E34/E51; docs/2026/10/08-owner-decisions.md,Source/anchor/reference comparison; final HTTP verification recorded separately
PAGE-Skills-Leadership-REF-020,/Skills/Leadership; line 292,"{""line"": 292, ""tag"": ""a"", ""attribute"": ""href"", ""target"": ""https://amzn.to/2JlCvzi"", ""attributes"": {""href"": ""https://amzn.to/2JlCvzi"", ""target"": ""_blank"", ""rel"": ""noopener""}}",Src/Portfolio_Core/Portfolio/Pages/Skills/Leadership.cshtml; original section/anchor,Retained in original page,R01/R08; approved E30–E34/E51; docs/2026/10/08-owner-decisions.md,Source/anchor/reference comparison; final HTTP verification recorded separately
PAGE-Skills-Leadership-REF-021,/Skills/Leadership; line 302,"{""line"": 302, ""tag"": ""a"", ""attribute"": ""href"", ""target"": ""https://amzn.to/2XKUjd9"", ""attributes"": {""href"": ""https://amzn.to/2XKUjd9"", ""target"": ""_blank"", ""rel"": ""noopener""}}",Src/Portfolio_Core/Portfolio/Pages/Skills/Leadership.cshtml; original section/anchor,Retained in original page,R01/R08; approved E30–E34/E51; docs/2026/10/08-owner-decisions.md,Source/anchor/reference comparison; final HTTP verification recorded separately
PAGE-Skills-Leadership-REF-022,/Skills/Leadership; line 305,"{""line"": 305, ""tag"": ""a"", ""attribute"": ""href"", ""target"": ""https://amzn.to/2Mf7DBa"", ""attributes"": {""href"": ""https://amzn.to/2Mf7DBa"", ""target"": ""_blank"", ""rel"": ""noopener""}}",Src/Portfolio_Core/Portfolio/Pages/Skills/Leadership.cshtml; original section/anchor,Retained in original page,R01/R08; approved E30–E34/E51; docs/2026/10/08-owner-decisions.md,Source/anchor/reference comparison; final HTTP verification recorded separately
PAGE-Skills-Leadership-REF-023,/Skills/Leadership; line 308,"{""line"": 308, ""tag"": ""a"", ""attribute"": ""href"", ""target"": ""https://amzn.to/2zJ24Z2"", ""attributes"": {""href"": ""https://amzn.to/2zJ24Z2"", ""target"": ""_blank"", ""rel"": ""noopener""}}",Src/Portfolio_Core/Portfolio/Pages/Skills/Leadership.cshtml; original section/anchor,Retained in original page,R01/R08; approved E30–E34/E51; docs/2026/10/08-owner-decisions.md,Source/anchor/reference comparison; final HTTP verification recorded separately
PAGE-Skills-Leadership-REF-024,/Skills/Leadership; line 311,"{""line"": 311, ""tag"": ""a"", ""attribute"": ""href"", ""target"": ""https://amzn.to/2zNpYmd"", ""attributes"": {""href"": ""https://amzn.to/2zNpYmd"", ""target"": ""_blank"", ""rel"": ""noopener""}}",Src/Portfolio_Core/Portfolio/Pages/Skills/Leadership.cshtml; original section/anchor,Retained in original page,R01/R08; approved E30–E34/E51; docs/2026/10/08-owner-decisions.md,Source/anchor/reference comparison; final HTTP verification recorded separately
PAGE-Skills-Leadership-REF-025,/Skills/Leadership; line 314,"{""line"": 314, ""tag"": ""a"", ""attribute"": ""href"", ""target"": ""https://amzn.to/3dhJgyR"", ""attributes"": {""href"": ""https://amzn.to/3dhJgyR"", ""target"": ""_blank"", ""rel"": ""noopener""}}",Src/Portfolio_Core/Portfolio/Pages/Skills/Leadership.cshtml; original section/anchor,Retained in original page,R01/R08; approved E30–E34/E51; docs/2026/10/08-owner-decisions.md,Source/anchor/reference comparison; final HTTP verification recorded separately
PAGE-Skills-Leadership-REF-026,/Skills/Leadership; line 317,"{""line"": 317, ""tag"": ""a"", ""attribute"": ""href"", ""target"": ""https://amzn.to/2MfGJZS"", ""attributes"": {""href"": ""https://amzn.to/2MfGJZS"", ""target"": ""_blank"", ""rel"": ""noopener""}}",Src/Portfolio_Core/Portfolio/Pages/Skills/Leadership.cshtml; original section/anchor,Retained in original page,R01/R08; approved E30–E34/E51; docs/2026/10/08-owner-decisions.md,Source/anchor/reference comparison; final HTTP verification recorded separately
PAGE-Skills-Leadership-REF-027,/Skills/Leadership; line 320,"{""line"": 320, ""tag"": ""a"", ""attribute"": ""href"", ""target"": ""https://amzn.to/3evUX59"", ""attributes"": {""href"": ""https://amzn.to/3evUX59"", ""target"": ""_blank"", ""rel"": ""noopener""}}",Src/Portfolio_Core/Portfolio/Pages/Skills/Leadership.cshtml; original section/anchor,Retained in original page,R01/R08; approved E30–E34/E51; docs/2026/10/08-owner-decisions.md,Source/anchor/reference comparison; final HTTP verification recorded separately
PAGE-Skills-Leadership-REF-028,/Skills/Leadership; line 323,"{""line"": 323, ""tag"": ""a"", ""attribute"": ""href"", ""target"": ""https://amzn.to/2ZSHBvy"", ""attributes"": {""href"": ""https://amzn.to/2ZSHBvy"", ""target"": ""_blank"", ""rel"": ""noopener""}}",Src/Portfolio_Core/Portfolio/Pages/Skills/Leadership.cshtml; original section/anchor,Retained in original page,R01/R08; approved E30–E34/E51; docs/2026/10/08-owner-decisions.md,Source/anchor/reference comparison; final HTTP verification recorded separately
PAGE-Skills-Leadership-REF-029,/Skills/Leadership; line 326,"{""line"": 326, ""tag"": ""a"", ""attribute"": ""href"", ""target"": ""https://amzn.to/2G2wO7o"", ""attributes"": {""href"": ""https://amzn.to/2G2wO7o"", ""target"": ""_blank"", ""rel"": ""noopener""}}",Src/Portfolio_Core/Portfolio/Pages/Skills/Leadership.cshtml; original section/anchor,Retained in original page,R01/R08; approved E30–E34/E51; docs/2026/10/08-owner-decisions.md,Source/anchor/reference comparison; final HTTP verification recorded separately
PAGE-Skills-Leadership-REF-030,/Skills/Leadership; line 329,"{""line"": 329, ""tag"": ""a"", ""attribute"": ""href"", ""target"": ""https://amzn.to/2Jo8qPO"", ""attributes"": {""href"": ""https://amzn.to/2Jo8qPO"", ""target"": ""_blank"", ""rel"": ""noopener""}}",Src/Portfolio_Core/Portfolio/Pages/Skills/Leadership.cshtml; original section/anchor,Retained in original page,R01/R08; approved E30–E34/E51; docs/2026/10/08-owner-decisions.md,Source/anchor/reference comparison; final HTTP verification recorded separately
PAGE-Skills-Leadership-REF-031,/Skills/Leadership; line 332,"{""line"": 332, ""tag"": ""a"", ""attribute"": ""href"", ""target"": ""https://amzn.to/2XAGI6a"", ""attributes"": {""href"": ""https://amzn.to/2XAGI6a"", ""target"": ""_blank"", ""rel"": ""noopener""}}",Src/Portfolio_Core/Portfolio/Pages/Skills/Leadership.cshtml; original section/anchor,Retained in original page,R01/R08; approved E30–E34/E51; docs/2026/10/08-owner-decisions.md,Source/anchor/reference comparison; final HTTP verification recorded separately
PAGE-Skills-Leadership-REF-032,/Skills/Leadership; line 335,"{""line"": 335, ""tag"": ""a"", ""attribute"": ""href"", ""target"": ""https://amzn.to/2Xvltrc"", ""attributes"": {""href"": ""https://amzn.to/2Xvltrc"", ""target"": ""_blank"", ""rel"": ""noopener""}}",Src/Portfolio_Core/Portfolio/Pages/Skills/Leadership.cshtml; original section/anchor,Retained in original page,R01/R08; approved E30–E34/E51; docs/2026/10/08-owner-decisions.md,Source/anchor/reference comparison; final HTTP verification recorded separately
PAGE-Skills-Leadership-REF-033,/Skills/Leadership; line 338,"{""line"": 338, ""tag"": ""a"", ""attribute"": ""href"", ""target"": ""https://amzn.to/2XxF0HG"", ""attributes"": {""href"": ""https://amzn.to/2XxF0HG"", ""target"": ""_blank"", ""rel"": ""noopener""}}",Src/Portfolio_Core/Portfolio/Pages/Skills/Leadership.cshtml; original section/anchor,Retained in original page,R01/R08; approved E30–E34/E51; docs/2026/10/08-owner-decisions.md,Source/anchor/reference comparison; final HTTP verification recorded separately
PAGE-Skills-Leadership-REF-034,/Skills/Leadership; line 346,"{""line"": 346, ""tag"": ""a"", ""attribute"": ""href"", ""target"": ""https://amzn.to/3gFTk6D"", ""attributes"": {""href"": ""https://amzn.to/3gFTk6D"", ""target"": ""_blank"", ""rel"": ""noopener""}}",Src/Portfolio_Core/Portfolio/Pages/Skills/Leadership.cshtml; original section/anchor,Retained in original page,R01/R08; approved E30–E34/E51; docs/2026/10/08-owner-decisions.md,Source/anchor/reference comparison; final HTTP verification recorded separately
PAGE-Skills-Leadership-REF-035,/Skills/Leadership; line 349,"{""line"": 349, ""tag"": ""a"", ""attribute"": ""href"", ""target"": ""https://amzn.to/2XePbPr"", ""attributes"": {""href"": ""https://amzn.to/2XePbPr"", ""target"": ""_blank"", ""rel"": ""noopener""}}",Src/Portfolio_Core/Portfolio/Pages/Skills/Leadership.cshtml; original section/anchor,Retained in original page,R01/R08; approved E30–E34/E51; docs/2026/10/08-owner-decisions.md,Source/anchor/reference comparison; final HTTP verification recorded separately
PAGE-Skills-Leadership-ANCHOR-001,/Skills/Leadership#SwEngArch,SwEngArch,Src/Portfolio_Core/Portfolio/Pages/Skills/Leadership.cshtml; original section/anchor,Retained in original page,R01/R08; approved E30–E34/E51; docs/2026/10/08-owner-decisions.md,Source/anchor/reference comparison; final HTTP verification recorded separately
PAGE-Skills-Leadership-ANCHOR-002,/Skills/Leadership#EngMgr,EngMgr,Src/Portfolio_Core/Portfolio/Pages/Skills/Leadership.cshtml; original section/anchor,Retained in original page,R01/R08; approved E30–E34/E51; docs/2026/10/08-owner-decisions.md,Source/anchor/reference comparison; final HTTP verification recorded separately
PAGE-Skills-Leadership-ANCHOR-003,/Skills/Leadership#QAManager,QAManager,Src/Portfolio_Core/Portfolio/Pages/Skills/Leadership.cshtml; original section/anchor,Retained in original page,R01/R08; approved E30–E34/E51; docs/2026/10/08-owner-decisions.md,Source/anchor/reference comparison; final HTTP verification recorded separately
PAGE-Skills-Leadership-ANCHOR-004,/Skills/Leadership#DevOpsManager,DevOpsManager,Src/Portfolio_Core/Portfolio/Pages/Skills/Leadership.cshtml; original section/anchor,Retained in original page,R01/R08; approved E30–E34/E51; docs/2026/10/08-owner-decisions.md,Source/anchor/reference comparison; final HTTP verification recorded separately
PAGE-Skills-Leadership-ANCHOR-005,/Skills/Leadership#DevManager,DevManager,Src/Portfolio_Core/Portfolio/Pages/Skills/Leadership.cshtml; original section/anchor,Retained in original page,R01/R08; approved E30–E34/E51; docs/2026/10/08-owner-decisions.md,Source/anchor/reference comparison; final HTTP verification recorded separately
PAGE-Skills-Leadership-ANCHOR-006,/Skills/Leadership#ScrumMaster,ScrumMaster,Src/Portfolio_Core/Portfolio/Pages/Skills/Leadership.cshtml; original section/anchor,Retained in original page,R01/R08; approved E30–E34/E51; docs/2026/10/08-owner-decisions.md,Source/anchor/reference comparison; final HTTP verification recorded separately
PAGE-Skills-Leadership-ANCHOR-007,/Skills/Leadership#DevLead,DevLead,Src/Portfolio_Core/Portfolio/Pages/Skills/Leadership.cshtml; original section/anchor,Retained in original page,R01/R08; approved E30–E34/E51; docs/2026/10/08-owner-decisions.md,Source/anchor/reference comparison; final HTTP verification recorded separately
PAGE-Skills-Leadership-ANCHOR-008,/Skills/Leadership#TwoYearMission,TwoYearMission,Src/Portfolio_Core/Portfolio/Pages/Skills/Leadership.cshtml; original section/anchor,Retained in original page,R01/R08; approved E30–E34/E51; docs/2026/10/08-owner-decisions.md,Source/anchor/reference comparison; final HTTP verification recorded separately
PAGE-Skills-Leadership-ANCHOR-009,/Skills/Leadership#PersonalityProfile,PersonalityProfile,Src/Portfolio_Core/Portfolio/Pages/Skills/Leadership.cshtml; original section/anchor,Retained in original page,R01/R08; approved E30–E34/E51; docs/2026/10/08-owner-decisions.md,Source/anchor/reference comparison; final HTTP verification recorded separately
PAGE-Skills-Leadership-ANCHOR-010,/Skills/Leadership#Books,Books,Src/Portfolio_Core/Portfolio/Pages/Skills/Leadership.cshtml; original section/anchor,Retained in original page,R01/R08; approved E30–E34/E51; docs/2026/10/08-owner-decisions.md,Source/anchor/reference comparison; final HTTP verification recorded separately
PAGE-Skills-Leadership-BEHAVIOR,/Skills/Leadership,Full Razor source captured in baseline-source.json,Src/Portfolio_Core/Portfolio/Pages/Skills/Leadership.cshtml; original section/anchor,Route/template/behavior retained; page additions mapped separately,R01/R08; approved E30–E34/E51; docs/2026/10/08-owner-decisions.md,Source/anchor/reference comparison; final HTTP verification recorded separately
